1980,Alabama,Female,131
1980,Alaska,Female,14
1980,Arizona,Female,76
1980,Arkansas,Female,62
1980,California,Female,702
1980,Colorado,Female,62
1980,Connecticut,Female,35
1980,Delaware,Female,11
1980,District of Columbia,Female,39
1980,Florida,Female,331
1980,Georgia,Female,109
1980,Hawaii,Female,25
1980,Idaho,Female,7
1980,Illinois,Female,244
1980,Indiana,Female,94
1980,Iowa,Female,19
1980,Kansas,Female,40
1980,Kentucky,Female,80
1980,Louisiana,Female,117
1980,Maine,Female,17
1980,Maryland,Female,91
1980,Massachusetts,Female,55
1980,Michigan,Female,251
1980,Minnesota,Female,42
1980,Mississippi,Female,48
1980,Missouri,Female,115
1980,Montana,Female,7
1980,Nebraska,Female,25
1980,Nevada,Female,55
1980,New Hampshire,Female,5
1980,New Jersey,Female,130
1980,New Mexico,Female,23
1980,New York,Female,374
1980,North Carolina,Female,138
1980,North Dakota,Female,3
1980,Ohio,Female,204
1980,Oklahoma,Female,80
1980,Oregon,Female,49
1980,Pennsylvania,Female,185
1980,Rhodes Island,Female,16
1980,South Carolina,Female,81
1980,South Dakota,Female,1
1980,Tennessee,Female,94
1980,Texas,Female,478
1980,Utah,Female,17
1980,Vermont,Female,1
1980,Virginia,Female,126
1980,Washington,Female,64
1980,West Virginia,Female,21
1980,Wisconsin,Female,56
1980,Wyoming,Female,9
1981,Alabama,Female,102
1981,Alaska,Female,25
1981,Arizona,Female,65
1981,Arkansas,Female,46
1981,California,Female,589
1981,Colorado,Female,74
1981,Connecticut,Female,34
1981,Delaware,Female,17
1981,District of Columbia,Female,38
1981,Florida,Female,336
1981,Georgia,Female,116
1981,Hawaii,Female,9
1981,Idaho,Female,8
1981,Illinois,Female,212
1981,Indiana,Female,84
1981,Iowa,Female,26
1981,Kansas,Female,48
1981,Kentucky,Female,54
1981,Louisiana,Female,126
1981,Maine,Female,19
1981,Maryland,Female,113
1981,Massachusetts,Female,50
1981,Michigan,Female,222
1981,Minnesota,Female,34
1981,Mississippi,Female,49
1981,Missouri,Female,94
1981,Montana,Female,7
1981,Nebraska,Female,14
1981,Nevada,Female,40
1981,New Hampshire,Female,12
1981,New Jersey,Female,138
1981,New York,Female,309
1981,North Carolina,Female,139
1981,North Dakota,Female,7
1981,Ohio,Female,192
1981,Oklahoma,Female,81
1981,Oregon,Female,38
1981,Pennsylvania,Female,176
1981,Rhodes Island,Female,12
1981,South Carolina,Female,69
1981,South Dakota,Female,2
1981,Tennessee,Female,85
1981,Texas,Female,414
1981,Utah,Female,12
1981,Vermont,Female,2
1981,Virginia,Female,134
1981,Washington,Female,64
1981,West Virginia,Female,35
1981,Wisconsin,Female,46
1981,Wyoming,Female,9
1982,Alabama,Female,90
1982,Alaska,Female,23
1982,Arizona,Female,62
1982,Arkansas,Female,52
1982,California,Female,657
1982,Colorado,Female,49
1982,Connecticut,Female,51
1982,Delaware,Female,5
1982,District of Columbia,Female,39
1982,Florida,Female,321
1982,Georgia,Female,161
1982,Hawaii,Female,9
1982,Idaho,Female,8
1982,Illinois,Female,239
1982,Indiana,Female,87
1982,Iowa,Female,19
1982,Kansas,Female,48
1982,Kentucky,Female,69
1982,Louisiana,Female,142
1982,Maine,Female,9
1982,Maryland,Female,120
1982,Massachusetts,Female,56
1982,Michigan,Female,218
1982,Minnesota,Female,42
1982,Mississippi,Female,60
1982,Missouri,Female,103
1982,Nebraska,Female,13
1982,Nevada,Female,32
1982,New Hampshire,Female,9
1982,New Jersey,Female,134
1982,New Mexico,Female,23
1982,New York,Female,348
1982,North Carolina,Female,146
1982,North Dakota,Female,3
1982,Ohio,Female,171
1982,Oklahoma,Female,102
1982,Oregon,Female,53
1982,Pennsylvania,Female,170
1982,Rhodes Island,Female,10
1982,South Carolina,Female,102
1982,South Dakota,Female,8
1982,Tennessee,Female,74
1982,Texas,Female,363
1982,Utah,Female,17
1982,Vermont,Female,1
1982,Virginia,Female,121
1982,Washington,Female,73
1982,West Virginia,Female,28
1982,Wisconsin,Female,52
1982,Wyoming,Female,14
1983,Alabama,Female,85
1983,Alaska,Female,25
1983,Arizona,Female,53
1983,Arkansas,Female,44
1983,California,Female,603
1983,Colorado,Female,62
1983,Connecticut,Female,40
1983,Delaware,Female,9
1983,District of Columbia,Female,25
1983,Florida,Female,315
1983,Georgia,Female,124
1983,Hawaii,Female,19
1983,Idaho,Female,12
1983,Illinois,Female,230
1983,Indiana,Female,65
1983,Iowa,Female,24
1983,Kansas,Female,52
1983,Kentucky,Female,77
1983,Louisiana,Female,118
1983,Maine,Female,7
1983,Maryland,Female,100
1983,Massachusetts,Female,51
1983,Michigan,Female,200
1983,Minnesota,Female,28
1983,Mississippi,Female,60
1983,Missouri,Female,94
1983,Montana,Female,11
1983,Nebraska,Female,12
1983,Nevada,Female,36
1983,New Hampshire,Female,8
1983,New Jersey,Female,111
1983,New Mexico,Female,11
1983,New York,Female,381
1983,North Carolina,Female,131
1983,North Dakota,Female,6
1983,Ohio,Female,161
1983,Oklahoma,Female,66
1983,Oregon,Female,35
1983,Pennsylvania,Female,165
1983,Rhodes Island,Female,10
1983,South Carolina,Female,82
1983,South Dakota,Female,5
1983,Tennessee,Female,87
1983,Texas,Female,489
1983,Utah,Female,21
1983,Vermont,Female,1
1983,Virginia,Female,95
1983,Washington,Female,74
1983,West Virginia,Female,31
1983,Wisconsin,Female,56
1983,Wyoming,Female,8
1984,Alabama,Female,96
1984,Alaska,Female,11
1984,Arizona,Female,67
1984,Arkansas,Female,48
1984,California,Female,660
1984,Colorado,Female,57
1984,Connecticut,Female,35
1984,Delaware,Female,9
1984,District of Columbia,Female,35
1984,Florida,Female,358
1984,Georgia,Female,143
1984,Hawaii,Female,12
1984,Idaho,Female,15
1984,Illinois,Female,83
1984,Indiana,Female,73
1984,Iowa,Female,23
1984,Kansas,Female,33
1984,Kentucky,Female,53
1984,Louisiana,Female,113
1984,Maine,Female,15
1984,Maryland,Female,85
1984,Massachusetts,Female,50
1984,Michigan,Female,198
1984,Minnesota,Female,21
1984,Mississippi,Female,46
1984,Missouri,Female,75
1984,Montana,Female,9
1984,Nebraska,Female,20
1984,Nevada,Female,35
1984,New Hampshire,Female,5
1984,New Jersey,Female,121
1984,New Mexico,Female,18
1984,New York,Female,344
1984,North Carolina,Female,120
1984,North Dakota,Female,6
1984,Ohio,Female,155
1984,Oklahoma,Female,74
1984,Oregon,Female,51
1984,Pennsylvania,Female,174
1984,Rhodes Island,Female,13
1984,South Carolina,Female,88
1984,Tennessee,Female,70
1984,Texas,Female,439
1984,Utah,Female,17
1984,Vermont,Female,3
1984,Virginia,Female,135
1984,Washington,Female,76
1984,West Virginia,Female,22
1984,Wisconsin,Female,46
1984,Wyoming,Female,6
1985,Alabama,Female,93
1985,Alaska,Female,17
1985,Arizona,Female,79
1985,Arkansas,Female,58
1985,California,Female,681
1985,Colorado,Female,54
1985,Connecticut,Female,31
1985,Delaware,Female,8
1985,District of Columbia,Female,28
1985,Florida,Female,341
1985,Georgia,Female,161
1985,Hawaii,Female,14
1985,Idaho,Female,6
1985,Illinois,Female,69
1985,Indiana,Female,83
1985,Iowa,Female,23
1985,Kansas,Female,40
1985,Kentucky,Female,74
1985,Louisiana,Female,105
1985,Maine,Female,14
1985,Maryland,Female,78
1985,Massachusetts,Female,50
1985,Michigan,Female,255
1985,Minnesota,Female,21
1985,Mississippi,Female,43
1985,Missouri,Female,98
1985,Montana,Female,5
1985,Nebraska,Female,21
1985,Nevada,Female,36
1985,New Hampshire,Female,11
1985,New Jersey,Female,133
1985,New Mexico,Female,35
1985,New York,Female,300
1985,North Carolina,Female,136
1985,North Dakota,Female,2
1985,Ohio,Female,158
1985,Oklahoma,Female,72
1985,Oregon,Female,38
1985,Pennsylvania,Female,154
1985,Rhodes Island,Female,9
1985,South Carolina,Female,85
1985,South Dakota,Female,4
1985,Tennessee,Female,94
1985,Texas,Female,469
1985,Utah,Female,22
1985,Vermont,Female,10
1985,Virginia,Female,128
1985,Washington,Female,73
1985,West Virginia,Female,17
1985,Wisconsin,Female,41
1985,Wyoming,Female,13
1986,Alabama,Female,94
1986,Alaska,Female,12
1986,Arizona,Female,86
1986,Arkansas,Female,61
1986,California,Female,693
1986,Colorado,Female,62
1986,Connecticut,Female,49
1986,Delaware,Female,12
1986,District of Columbia,Female,29
1986,Florida,Female,377
1986,Georgia,Female,165
1986,Hawaii,Female,21
1986,Idaho,Female,12
1986,Illinois,Female,164
1986,Indiana,Female,66
1986,Iowa,Female,19
1986,Kansas,Female,35
1986,Kentucky,Female,68
1986,Louisiana,Female,107
1986,Maine,Female,4
1986,Maryland,Female,101
1986,Massachusetts,Female,48
1986,Michigan,Female,234
1986,Minnesota,Female,33
1986,Mississippi,Female,37
1986,Missouri,Female,108
1986,Montana,Female,1
1986,Nebraska,Female,20
1986,Nevada,Female,26
1986,New Hampshire,Female,6
1986,New Jersey,Female,113
1986,New Mexico,Female,34
1986,New York,Female,351
1986,North Carolina,Female,124
1986,North Dakota,Female,2
1986,Ohio,Female,153
1986,Oklahoma,Female,76
1986,Oregon,Female,66
1986,Pennsylvania,Female,168
1986,Rhodes Island,Female,14
1986,South Carolina,Female,80
1986,South Dakota,Female,10
1986,Tennessee,Female,91
1986,Texas,Female,519
1986,Utah,Female,19
1986,Vermont,Female,7
1986,Virginia,Female,116
1986,Washington,Female,87
1986,West Virginia,Female,26
1986,Wisconsin,Female,46
1986,Wyoming,Female,10
1987,Alabama,Female,84
1987,Alaska,Female,13
1987,Arizona,Female,64
1987,Arkansas,Female,51
1987,California,Female,722
1987,Colorado,Female,63
1987,Connecticut,Female,55
1987,Delaware,Female,12
1987,District of Columbia,Female,39
1987,Florida,Female,368
1987,Georgia,Female,157
1987,Hawaii,Female,14
1987,Idaho,Female,18
1987,Illinois,Female,105
1987,Indiana,Female,81
1987,Iowa,Female,12
1987,Kansas,Female,32
1987,Kentucky,Female,27
1987,Louisiana,Female,106
1987,Maine,Female,14
1987,Maryland,Female,92
1987,Massachusetts,Female,46
1987,Michigan,Female,271
1987,Minnesota,Female,43
1987,Mississippi,Female,45
1987,Missouri,Female,108
1987,Nebraska,Female,8
1987,Nevada,Female,24
1987,New Hampshire,Female,14
1987,New Jersey,Female,100
1987,New Mexico,Female,24
1987,New York,Female,370
1987,North Carolina,Female,148
1987,North Dakota,Female,5
1987,Ohio,Female,191
1987,Oklahoma,Female,89
1987,Oregon,Female,54
1987,Pennsylvania,Female,144
1987,Rhodes Island,Female,15
1987,South Carolina,Female,92
1987,South Dakota,Female,6
1987,Tennessee,Female,87
1987,Texas,Female,457
1987,Utah,Female,23
1987,Vermont,Female,5
1987,Virginia,Female,124
1987,Washington,Female,90
1987,West Virginia,Female,25
1987,Wisconsin,Female,58
1987,Wyoming,Female,5
1988,Alabama,Female,90
1988,Alaska,Female,9
1988,Arizona,Female,84
1988,Arkansas,Female,54
1988,California,Female,696
1988,Colorado,Female,69
1988,Connecticut,Female,42
1988,Delaware,Female,18
1988,District of Columbia,Female,53
1988,Georgia,Female,203
1988,Hawaii,Female,20
1988,Idaho,Female,18
1988,Illinois,Female,245
1988,Indiana,Female,82
1988,Iowa,Female,21
1988,Kansas,Female,14
1988,Louisiana,Female,98
1988,Maine,Female,18
1988,Maryland,Female,116
1988,Massachusetts,Female,49
1988,Michigan,Female,224
1988,Minnesota,Female,41
1988,Mississippi,Female,33
1988,Missouri,Female,92
1988,Montana,Female,5
1988,Nebraska,Female,14
1988,Nevada,Female,28
1988,New Hampshire,Female,13
1988,New Jersey,Female,118
1988,New Mexico,Female,35
1988,New York,Female,374
1988,North Carolina,Female,136
1988,North Dakota,Female,5
1988,Ohio,Female,171
1988,Oklahoma,Female,74
1988,Oregon,Female,56
1988,Pennsylvania,Female,182
1988,Rhodes Island,Female,9
1988,South Carolina,Female,101
1988,South Dakota,Female,7
1988,Tennessee,Female,115
1988,Texas,Female,463
1988,Utah,Female,17
1988,Vermont,Female,7
1988,Virginia,Female,138
1988,Washington,Female,90
1988,West Virginia,Female,29
1988,Wisconsin,Female,41
1988,Wyoming,Female,5
1989,Alabama,Female,98
1989,Alaska,Female,9
1989,Arizona,Female,88
1989,Arkansas,Female,51
1989,California,Female,688
1989,Colorado,Female,60
1989,Connecticut,Female,48
1989,Delaware,Female,9
1989,District of Columbia,Female,48
1989,Georgia,Female,189
1989,Hawaii,Female,14
1989,Idaho,Female,7
1989,Illinois,Female,221
1989,Indiana,Female,82
1989,Iowa,Female,19
1989,Kansas,Female,37
1989,Kentucky,Female,41
1989,Louisiana,Female,117
1989,Maine,Female,16
1989,Maryland,Female,155
1989,Massachusetts,Female,48
1989,Michigan,Female,219
1989,Minnesota,Female,40
1989,Mississippi,Female,42
1989,Missouri,Female,109
1989,Montana,Female,8
1989,Nebraska,Female,12
1989,Nevada,Female,28
1989,New Hampshire,Female,18
1989,New Jersey,Female,122
1989,New Mexico,Female,21
1989,New York,Female,346
1989,North Carolina,Female,150
1989,North Dakota,Female,1
1989,Ohio,Female,165
1989,Oklahoma,Female,66
1989,Oregon,Female,54
1989,Pennsylvania,Female,183
1989,Rhodes Island,Female,18
1989,South Carolina,Female,96
1989,South Dakota,Female,3
1989,Tennessee,Female,77
1989,Texas,Female,443
1989,Utah,Female,18
1989,Vermont,Female,3
1989,Virginia,Female,138
1989,Washington,Female,63
1989,West Virginia,Female,37
1989,Wisconsin,Female,50
1989,Wyoming,Female,6
1990,Alabama,Female,114
1990,Alaska,Female,12
1990,Arizona,Female,67
1990,Arkansas,Female,76
1990,California,Female,700
1990,Colorado,Female,40
1990,Connecticut,Female,44
1990,Delaware,Female,15
1990,District of Columbia,Female,51
1990,Georgia,Female,170
1990,Hawaii,Female,14
1990,Idaho,Female,12
1990,Illinois,Female,175
1990,Indiana,Female,68
1990,Iowa,Female,19
1990,Kansas,Female,27
1990,Kentucky,Female,75
1990,Louisiana,Female,129
1990,Maine,Female,7
1990,Maryland,Female,110
1990,Massachusetts,Female,33
1990,Michigan,Female,212
1990,Minnesota,Female,25
1990,Mississippi,Female,41
1990,Missouri,Female,103
1990,Nebraska,Female,16
1990,Nevada,Female,34
1990,New Hampshire,Female,9
1990,New Jersey,Female,118
1990,New Mexico,Female,24
1990,New York,Female,359
1990,North Carolina,Female,159
1990,North Dakota,Female,3
1990,Ohio,Female,154
1990,Oklahoma,Female,75
1990,Oregon,Female,34
1990,Pennsylvania,Female,184
1990,Rhodes Island,Female,14
1990,South Carolina,Female,115
1990,South Dakota,Female,6
1990,Tennessee,Female,85
1990,Texas,Female,467
1990,Utah,Female,19
1990,Vermont,Female,5
1990,Virginia,Female,144
1990,Washington,Female,59
1990,West Virginia,Female,24
1990,Wisconsin,Female,58
1990,Wyoming,Female,8
1991,Alabama,Female,108
1991,Alaska,Female,17
1991,Arizona,Female,76
1991,Arkansas,Female,71
1991,California,Female,754
1991,Colorado,Female,60
1991,Connecticut,Female,34
1991,Delaware,Female,11
1991,District of Columbia,Female,72
1991,Georgia,Female,183
1991,Hawaii,Female,19
1991,Idaho,Female,5
1991,Illinois,Female,216
1991,Indiana,Female,85
1991,Kansas,Female,44
1991,Kentucky,Female,58
1991,Louisiana,Female,91
1991,Maryland,Female,116
1991,Massachusetts,Female,46
1991,Michigan,Female,216
1991,Minnesota,Female,30
1991,Mississippi,Female,44
1991,Missouri,Female,102
1991,Montana,Female,7
1991,Nebraska,Female,16
1991,Nevada,Female,35
1991,New Hampshire,Female,18
1991,New Jersey,Female,131
1991,New Mexico,Female,28
1991,New York,Female,387
1991,North Carolina,Female,164
1991,North Dakota,Female,1
1991,Ohio,Female,198
1991,Oklahoma,Female,62
1991,Oregon,Female,48
1991,Pennsylvania,Female,163
1991,Rhodes Island,Female,12
1991,South Carolina,Female,99
1991,South Dakota,Female,3
1991,Tennessee,Female,89
1991,Texas,Female,581
1991,Utah,Female,23
1991,Vermont,Female,3
1991,Virginia,Female,133
1991,Washington,Female,69
1991,West Virginia,Female,34
1991,Wisconsin,Female,62
1991,Wyoming,Female,6
1992,Alabama,Female,76
1992,Alaska,Female,10
1992,Arizona,Female,81
1992,Arkansas,Female,71
1992,California,Female,716
1992,Colorado,Female,70
1992,Connecticut,Female,40
1992,Delaware,Female,8
1992,District of Columbia,Female,38
1992,Florida,Female,337
1992,Georgia,Female,173
1992,Hawaii,Female,20
1992,Idaho,Female,12
1992,Illinois,Female,215
1992,Indiana,Female,103
1992,Iowa,Female,11
1992,Kansas,Female,41
1992,Kentucky,Female,68
1992,Louisiana,Female,118
1992,Maryland,Female,129
1992,Massachusetts,Female,50
1992,Michigan,Female,228
1992,Minnesota,Female,45
1992,Mississippi,Female,58
1992,Missouri,Female,118
1992,Montana,Female,7
1992,Nebraska,Female,21
1992,Nevada,Female,36
1992,New Hampshire,Female,7
1992,New Jersey,Female,113
1992,New Mexico,Female,22
1992,New York,Female,394
1992,North Carolina,Female,189
1992,North Dakota,Female,4
1992,Ohio,Female,164
1992,Oklahoma,Female,60
1992,Oregon,Female,60
1992,Pennsylvania,Female,171
1992,Rhodes Island,Female,6
1992,South Carolina,Female,105
1992,South Dakota,Female,1
1992,Tennessee,Female,99
1992,Texas,Female,460
1992,Utah,Female,23
1992,Vermont,Female,5
1992,Virginia,Female,120
1992,Washington,Female,77
1992,West Virginia,Female,35
1992,Wisconsin,Female,58
1992,Wyoming,Female,7
1993,Alabama,Female,117
1993,Alaska,Female,16
1993,Arizona,Female,97
1993,Arkansas,Female,65
1993,California,Female,774
1993,Colorado,Female,61
1993,Connecticut,Female,60
1993,Delaware,Female,5
1993,District of Columbia,Female,41
1993,Florida,Female,338
1993,Georgia,Female,206
1993,Hawaii,Female,14
1993,Idaho,Female,17
1993,Illinois,Female,197
1993,Indiana,Female,94
1993,Iowa,Female,16
1993,Kansas,Female,8
1993,Kentucky,Female,72
1993,Louisiana,Female,149
1993,Maine,Female,4
1993,Maryland,Female,137
1993,Massachusetts,Female,50
1993,Michigan,Female,230
1993,Minnesota,Female,42
1993,Mississippi,Female,51
1993,Missouri,Female,106
1993,Nebraska,Female,11
1993,Nevada,Female,34
1993,New Hampshire,Female,8
1993,New Jersey,Female,127
1993,New Mexico,Female,15
1993,New York,Female,438
1993,North Carolina,Female,197
1993,North Dakota,Female,3
1993,Ohio,Female,160
1993,Oklahoma,Female,86
1993,Oregon,Female,46
1993,Pennsylvania,Female,169
1993,Rhodes Island,Female,11
1993,South Carolina,Female,114
1993,South Dakota,Female,6
1993,Tennessee,Female,112
1993,Texas,Female,462
1993,Utah,Female,15
1993,Vermont,Female,5
1993,Virginia,Female,149
1993,Washington,Female,90
1993,West Virginia,Female,42
1993,Wisconsin,Female,72
1993,Wyoming,Female,10
1994,Alabama,Female,113
1994,Alaska,Female,2
1994,Arizona,Female,87
1994,Arkansas,Female,82
1994,California,Female,622
1994,Colorado,Female,51
1994,Connecticut,Female,51
1994,Delaware,Female,7
1994,District of Columbia,Female,42
1994,Florida,Female,311
1994,Georgia,Female,171
1994,Hawaii,Female,16
1994,Idaho,Female,12
1994,Illinois,Female,217
1994,Indiana,Female,93
1994,Iowa,Female,18
1994,Kentucky,Female,15
1994,Louisiana,Female,149
1994,Maine,Female,16
1994,Maryland,Female,119
1994,Massachusetts,Female,38
1994,Michigan,Female,199
1994,Minnesota,Female,36
1994,Mississippi,Female,39
1994,Missouri,Female,107
1994,Nebraska,Female,4
1994,Nevada,Female,44
1994,New Hampshire,Female,5
1994,New Jersey,Female,108
1994,New Mexico,Female,30
1994,New York,Female,346
1994,North Carolina,Female,203
1994,Ohio,Female,166
1994,Oklahoma,Female,69
1994,Oregon,Female,59
1994,Pennsylvania,Female,187
1994,Rhodes Island,Female,11
1994,South Carolina,Female,102
1994,South Dakota,Female,3
1994,Tennessee,Female,98
1994,Texas,Female,445
1994,Utah,Female,22
1994,Vermont,Female,3
1994,Virginia,Female,143
1994,Washington,Female,83
1994,West Virginia,Female,36
1994,Wisconsin,Female,64
1994,Wyoming,Female,6
1995,Alabama,Female,98
1995,Alaska,Female,20
1995,Arizona,Female,90
1995,Arkansas,Female,60
1995,California,Female,646
1995,Colorado,Female,61
1995,Connecticut,Female,33
1995,Delaware,Female,5
1995,District of Columbia,Female,40
1995,Florida,Female,293
1995,Georgia,Female,152
1995,Hawaii,Female,15
1995,Idaho,Female,15
1995,Illinois,Female,141
1995,Indiana,Female,116
1995,Iowa,Female,21
1995,Kentucky,Female,83
1995,Louisiana,Female,123
1995,Maine,Female,13
1995,Maryland,Female,133
1995,Massachusetts,Female,56
1995,Michigan,Female,192
1995,Minnesota,Female,54
1995,Mississippi,Female,53
1995,Missouri,Female,114
1995,Montana,Female,5
1995,Nebraska,Female,14
1995,Nevada,Female,48
1995,New Hampshire,Female,9
1995,New Jersey,Female,110
1995,New Mexico,Female,27
1995,New York,Female,347
1995,North Carolina,Female,167
1995,North Dakota,Female,2
1995,Ohio,Female,151
1995,Oklahoma,Female,159
1995,Oregon,Female,48
1995,Pennsylvania,Female,149
1995,Rhodes Island,Female,4
1995,South Carolina,Female,85
1995,South Dakota,Female,4
1995,Tennessee,Female,91
1995,Texas,Female,398
1995,Utah,Female,23
1995,Vermont,Female,5
1995,Virginia,Female,136
1995,Washington,Female,95
1995,West Virginia,Female,23
1995,Wisconsin,Female,64
1995,Wyoming,Female,3
1996,Alabama,Female,87
1996,Alaska,Female,9
1996,Arizona,Female,69
1996,Arkansas,Female,49
1996,California,Female,551
1996,Colorado,Female,50
1996,Connecticut,Female,39
1996,Delaware,Female,15
1996,Florida,Female,381
1996,Georgia,Female,164
1996,Hawaii,Female,16
1996,Idaho,Female,19
1996,Illinois,Female,132
1996,Indiana,Female,81
1996,Iowa,Female,22
1996,Kentucky,Female,66
1996,Louisiana,Female,130
1996,Maine,Female,15
1996,Maryland,Female,106
1996,Massachusetts,Female,48
1996,Michigan,Female,162
1996,Minnesota,Female,57
1996,Mississippi,Female,40
1996,Missouri,Female,84
1996,Nebraska,Female,4
1996,Nevada,Female,51
1996,New Hampshire,Female,6
1996,New Jersey,Female,90
1996,New Mexico,Female,28
1996,New York,Female,262
1996,North Carolina,Female,155
1996,North Dakota,Female,4
1996,Ohio,Female,127
1996,Oklahoma,Female,60
1996,Oregon,Female,41
1996,Pennsylvania,Female,130
1996,Rhodes Island,Female,9
1996,South Carolina,Female,92
1996,South Dakota,Female,2
1996,Tennessee,Female,89
1996,Texas,Female,351
1996,Utah,Female,24
1996,Vermont,Female,8
1996,Virginia,Female,149
1996,Washington,Female,93
1996,West Virginia,Female,18
1996,Wisconsin,Female,60
1996,Wyoming,Female,8
1997,Alabama,Female,95
1997,Alaska,Female,14
1997,Arizona,Female,70
1997,Arkansas,Female,71
1997,California,Female,494
1997,Colorado,Female,51
1997,Connecticut,Female,29
1997,Delaware,Female,9
1997,District of Columbia,Female,41
1997,Florida,Female,262
1997,Georgia,Female,128
1997,Hawaii,Female,12
1997,Idaho,Female,10
1997,Illinois,Female,121
1997,Indiana,Female,84
1997,Iowa,Female,15
1997,Kentucky,Female,57
1997,Louisiana,Female,146
1997,Maine,Female,6
1997,Maryland,Female,96
1997,Massachusetts,Female,34
1997,Michigan,Female,175
1997,Minnesota,Female,29
1997,Mississippi,Female,34
1997,Missouri,Female,97
1997,Montana,Female,8
1997,Nebraska,Female,7
1997,Nevada,Female,55
1997,New Jersey,Female,85
1997,New Mexico,Female,25
1997,New York,Female,237
1997,North Carolina,Female,163
1997,North Dakota,Female,2
1997,Ohio,Female,84
1997,Oklahoma,Female,68
1997,Oregon,Female,35
1997,Pennsylvania,Female,156
1997,Rhodes Island,Female,9
1997,South Carolina,Female,92
1997,South Dakota,Female,3
1997,Tennessee,Female,82
1997,Texas,Female,334
1997,Utah,Female,20
1997,Vermont,Female,3
1997,Virginia,Female,124
1997,Washington,Female,74
1997,West Virginia,Female,24
1997,Wisconsin,Female,60
1997,Wyoming,Female,7
1998,Alabama,Female,77
1998,Alaska,Female,12
1998,Arizona,Female,88
1998,Arkansas,Female,60
1998,California,Female,453
1998,Colorado,Female,64
1998,Connecticut,Female,38
1998,Delaware,Female,7
1998,Florida,Female,307
1998,Georgia,Female,132
1998,Hawaii,Female,7
1998,Idaho,Female,13
1998,Illinois,Female,124
1998,Indiana,Female,119
1998,Iowa,Female,25
1998,Kentucky,Female,32
1998,Louisiana,Female,111
1998,Maine,Female,17
1998,Maryland,Female,104
1998,Massachusetts,Female,24
1998,Michigan,Female,186
1998,Minnesota,Female,29
1998,Mississippi,Female,53
1998,Missouri,Female,93
1998,Montana,Female,5
1998,Nebraska,Female,8
1998,Nevada,Female,44
1998,New Hampshire,Female,9
1998,New Jersey,Female,93
1998,New Mexico,Female,28
1998,New York,Female,195
1998,North Carolina,Female,157
1998,North Dakota,Female,2
1998,Ohio,Female,101
1998,Oklahoma,Female,61
1998,Oregon,Female,41
1998,Pennsylvania,Female,156
1998,Rhodes Island,Female,6
1998,South Carolina,Female,88
1998,South Dakota,Female,3
1998,Tennessee,Female,90
1998,Texas,Female,330
1998,Utah,Female,29
1998,Vermont,Female,5
1998,Virginia,Female,112
1998,Washington,Female,69
1998,West Virginia,Female,24
1998,Wyoming,Female,10
1999,Alabama,Female,3
1999,Alaska,Female,14
1999,Arizona,Female,111
1999,Arkansas,Female,37
1999,California,Female,444
1999,Colorado,Female,55
1999,Connecticut,Female,24
1999,Delaware,Female,5
1999,Florida,Female,243
1999,Georgia,Female,125
1999,Hawaii,Female,12
1999,Idaho,Female,10
1999,Illinois,Female,109
1999,Indiana,Female,72
1999,Iowa,Female,16
1999,Kentucky,Female,25
1999,Louisiana,Female,107
1999,Maine,Female,14
1999,Maryland,Female,76
1999,Massachusetts,Female,32
1999,Michigan,Female,166
1999,Minnesota,Female,40
1999,Mississippi,Female,35
1999,Missouri,Female,86
1999,Montana,Female,3
1999,Nebraska,Female,9
1999,Nevada,Female,49
1999,New Hampshire,Female,10
1999,New Jersey,Female,86
1999,New Mexico,Female,26
1999,New York,Female,201
1999,North Carolina,Female,145
1999,North Dakota,Female,3
1999,Ohio,Female,108
1999,Oklahoma,Female,64
1999,Oregon,Female,33
1999,Pennsylvania,Female,133
1999,Rhodes Island,Female,11
1999,South Carolina,Female,74
1999,South Dakota,Female,9
1999,Tennessee,Female,103
1999,Texas,Female,320
1999,Utah,Female,20
1999,Vermont,Female,10
1999,Virginia,Female,98
1999,Washington,Female,49
1999,West Virginia,Female,22
1999,Wisconsin,Female,50
1999,Wyoming,Female,2
2000,Alabama,Female,57
2000,Alaska,Female,6
2000,Arizona,Female,96
2000,Arkansas,Female,37
2000,California,Female,419
2000,Colorado,Female,39
2000,Connecticut,Female,28
2000,Delaware,Female,11
2000,Florida,Female,207
2000,Georgia,Female,135
2000,Hawaii,Female,13
2000,Idaho,Female,5
2000,Illinois,Female,98
2000,Indiana,Female,76
2000,Iowa,Female,18
2000,Kansas,Female,22
2000,Kentucky,Female,23
2000,Louisiana,Female,116
2000,Maine,Female,7
2000,Maryland,Female,82
2000,Massachusetts,Female,37
2000,Michigan,Female,168
2000,Minnesota,Female,36
2000,Mississippi,Female,61
2000,Missouri,Female,84
2000,Montana,Female,3
2000,Nebraska,Female,13
2000,Nevada,Female,27
2000,New Hampshire,Female,7
2000,New Jersey,Female,58
2000,New Mexico,Female,31
2000,New York,Female,182
2000,North Carolina,Female,127
2000,North Dakota,Female,1
2000,Ohio,Female,114
2000,Oklahoma,Female,58
2000,Oregon,Female,14
2000,Pennsylvania,Female,141
2000,Rhodes Island,Female,8
2000,South Carolina,Female,75
2000,Tennessee,Female,118
2000,Texas,Female,331
2000,Utah,Female,13
2000,Vermont,Female,5
2000,Virginia,Female,106
2000,Washington,Female,54
2000,West Virginia,Female,16
2000,Wisconsin,Female,44
2000,Wyoming,Female,4
2001,Alabama,Female,88
2001,Alaska,Female,11
2001,Arizona,Female,91
2001,Arkansas,Female,39
2001,California,Female,454
2001,Colorado,Female,40
2001,Connecticut,Female,25
2001,Delaware,Female,7
2001,Florida,Female,274
2001,Georgia,Female,134
2001,Hawaii,Female,12
2001,Idaho,Female,11
2001,Illinois,Female,102
2001,Indiana,Female,88
2001,Iowa,Female,21
2001,Kansas,Female,30
2001,Kentucky,Female,20
2001,Louisiana,Female,93
2001,Maine,Female,10
2001,Maryland,Female,83
2001,Massachusetts,Female,27
2001,Michigan,Female,136
2001,Minnesota,Female,40
2001,Mississippi,Female,32
2001,Missouri,Female,94
2001,Montana,Female,6
2001,Nebraska,Female,7
2001,Nevada,Female,51
2001,New Hampshire,Female,7
2001,New Jersey,Female,75
2001,New Mexico,Female,25
2001,New York,Female,206
2001,North Carolina,Female,122
2001,North Dakota,Female,1
2001,Ohio,Female,113
2001,Oklahoma,Female,59
2001,Oregon,Female,36
2001,Pennsylvania,Female,148
2001,Rhodes Island,Female,7
2001,South Carolina,Female,98
2001,South Dakota,Female,5
2001,Tennessee,Female,125
2001,Texas,Female,339
2001,Utah,Female,30
2001,Vermont,Female,3
2001,Virginia,Female,113
2001,Washington,Female,66
2001,West Virginia,Female,19
2001,Wisconsin,Female,47
2001,Wyoming,Female,2
2002,Alabama,Female,68
2002,Alaska,Female,20
2002,Arizona,Female,66
2002,Arkansas,Female,31
2002,California,Female,469
2002,Colorado,Female,56
2002,Connecticut,Female,17
2002,Delaware,Female,11
2002,District of Columbia,Female,32
2002,Florida,Female,241
2002,Georgia,Female,121
2002,Hawaii,Female,8
2002,Idaho,Female,9
2002,Illinois,Female,94
2002,Indiana,Female,83
2002,Iowa,Female,18
2002,Kansas,Female,26
2002,Kentucky,Female,21
2002,Louisiana,Female,129
2002,Maine,Female,6
2002,Maryland,Female,101
2002,Massachusetts,Female,32
2002,Michigan,Female,164
2002,Minnesota,Female,27
2002,Mississippi,Female,45
2002,Missouri,Female,76
2002,Montana,Female,7
2002,Nebraska,Female,12
2002,Nevada,Female,46
2002,New Hampshire,Female,3
2002,New Jersey,Female,87
2002,New Mexico,Female,35
2002,New York,Female,193
2002,North Carolina,Female,152
2002,North Dakota,Female,3
2002,Ohio,Female,133
2002,Oklahoma,Female,54
2002,Oregon,Female,29
2002,Pennsylvania,Female,137
2002,Rhodes Island,Female,10
2002,South Carolina,Female,80
2002,South Dakota,Female,1
2002,Tennessee,Female,112
2002,Texas,Female,343
2002,Utah,Female,18
2002,Vermont,Female,6
2002,Virginia,Female,107
2002,Washington,Female,56
2002,West Virginia,Female,22
2002,Wisconsin,Female,39
2002,Wyoming,Female,6
2003,Alabama,Female,70
2003,Alaska,Female,18
2003,Arizona,Female,106
2003,Arkansas,Female,31
2003,California,Female,441
2003,Colorado,Female,61
2003,Connecticut,Female,38
2003,Delaware,Female,3
2003,District of Columbia,Female,20
2003,Florida,Female,250
2003,Georgia,Female,154
2003,Hawaii,Female,5
2003,Idaho,Female,14
2003,Illinois,Female,72
2003,Indiana,Female,79
2003,Iowa,Female,20
2003,Kansas,Female,27
2003,Kentucky,Female,13
2003,Louisiana,Female,106
2003,Maine,Female,7
2003,Maryland,Female,90
2003,Massachusetts,Female,34
2003,Michigan,Female,143
2003,Minnesota,Female,27
2003,Mississippi,Female,48
2003,Missouri,Female,57
2003,Montana,Female,7
2003,Nebraska,Female,9
2003,Nevada,Female,56
2003,New Hampshire,Female,3
2003,New Jersey,Female,92
2003,New Mexico,Female,34
2003,New York,Female,175
2003,North Carolina,Female,122
2003,North Dakota,Female,4
2003,Ohio,Female,124
2003,Oklahoma,Female,53
2003,Oregon,Female,27
2003,Pennsylvania,Female,133
2003,Rhodes Island,Female,4
2003,South Carolina,Female,80
2003,South Dakota,Female,3
2003,Tennessee,Female,116
2003,Texas,Female,381
2003,Utah,Female,17
2003,Vermont,Female,7
2003,Virginia,Female,91
2003,Washington,Female,50
2003,West Virginia,Female,22
2003,Wisconsin,Female,43
2003,Wyoming,Female,5
2004,Alabama,Female,57
2004,Alaska,Female,11
2004,Arizona,Female,79
2004,Arkansas,Female,35
2004,California,Female,411
2004,Colorado,Female,58
2004,Connecticut,Female,29
2004,Delaware,Female,8
2004,District of Columbia,Female,21
2004,Florida,Female,278
2004,Georgia,Female,145
2004,Hawaii,Female,8
2004,Idaho,Female,10
2004,Illinois,Female,60
2004,Indiana,Female,69
2004,Iowa,Female,15
2004,Kansas,Female,27
2004,Kentucky,Female,71
2004,Louisiana,Female,111
2004,Maine,Female,7
2004,Maryland,Female,75
2004,Massachusetts,Female,28
2004,Michigan,Female,133
2004,Minnesota,Female,27
2004,Mississippi,Female,38
2004,Missouri,Female,103
2004,Montana,Female,9
2004,Nebraska,Female,6
2004,Nevada,Female,41
2004,New Hampshire,Female,8
2004,New Jersey,Female,79
2004,New Mexico,Female,45
2004,New York,Female,187
2004,North Carolina,Female,124
2004,North Dakota,Female,3
2004,Ohio,Female,117
2004,Oklahoma,Female,54
2004,Oregon,Female,21
2004,Pennsylvania,Female,146
2004,Rhodes Island,Female,10
2004,South Carolina,Female,72
2004,South Dakota,Female,5
2004,Tennessee,Female,88
2004,Texas,Female,335
2004,Utah,Female,14
2004,Vermont,Female,10
2004,Virginia,Female,101
2004,Washington,Female,53
2004,West Virginia,Female,18
2004,Wisconsin,Female,40
2004,Wyoming,Female,7
2005,Alabama,Female,68
2005,Alaska,Female,13
2005,Arizona,Female,69
2005,Arkansas,Female,44
2005,California,Female,410
2005,Colorado,Female,50
2005,Connecticut,Female,28
2005,Delaware,Female,11
2005,District of Columbia,Female,20
2005,Florida,Female,220
2005,Georgia,Female,137
2005,Hawaii,Female,6
2005,Idaho,Female,12
2005,Illinois,Female,69
2005,Indiana,Female,82
2005,Iowa,Female,19
2005,Kansas,Female,27
2005,Kentucky,Female,45
2005,Louisiana,Female,75
2005,Maine,Female,10
2005,Maryland,Female,74
2005,Massachusetts,Female,33
2005,Michigan,Female,130
2005,Minnesota,Female,32
2005,Mississippi,Female,41
2005,Missouri,Female,79
2005,Montana,Female,6
2005,Nebraska,Female,5
2005,Nevada,Female,52
2005,New Hampshire,Female,7
2005,New Jersey,Female,74
2005,New Mexico,Female,34
2005,New York,Female,198
2005,North Carolina,Female,136
2005,North Dakota,Female,6
2005,Ohio,Female,136
2005,Oklahoma,Female,51
2005,Oregon,Female,36
2005,Pennsylvania,Female,157
2005,Rhodes Island,Female,8
2005,South Carolina,Female,75
2005,South Dakota,Female,6
2005,Tennessee,Female,104
2005,Texas,Female,331
2005,Utah,Female,22
2005,Vermont,Female,2
2005,Virginia,Female,105
2005,Washington,Female,62
2005,West Virginia,Female,29
2005,Wisconsin,Female,49
2005,Wyoming,Female,2
2006,Alabama,Female,77
2006,Alaska,Female,7
2006,Arizona,Female,91
2006,Arkansas,Female,43
2006,California,Female,417
2006,Colorado,Female,50
2006,Connecticut,Female,28
2006,Delaware,Female,6
2006,District of Columbia,Female,14
2006,Florida,Female,294
2006,Georgia,Female,115
2006,Hawaii,Female,10
2006,Idaho,Female,14
2006,Illinois,Female,62
2006,Indiana,Female,87
2006,Iowa,Female,29
2006,Kansas,Female,38
2006,Kentucky,Female,40
2006,Louisiana,Female,79
2006,Maine,Female,12
2006,Maryland,Female,77
2006,Massachusetts,Female,36
2006,Michigan,Female,147
2006,Minnesota,Female,33
2006,Mississippi,Female,35
2006,Missouri,Female,79
2006,Montana,Female,7
2006,Nebraska,Female,7
2006,Nevada,Female,59
2006,New Hampshire,Female,3
2006,New Jersey,Female,84
2006,New Mexico,Female,20
2006,New York,Female,191
2006,North Carolina,Female,136
2006,North Dakota,Female,3
2006,Ohio,Female,115
2006,Oklahoma,Female,60
2006,Oregon,Female,30
2006,Pennsylvania,Female,142
2006,Rhodes Island,Female,8
2006,South Carolina,Female,103
2006,South Dakota,Female,6
2006,Tennessee,Female,88
2006,Texas,Female,346
2006,Utah,Female,21
2006,Vermont,Female,6
2006,Virginia,Female,96
2006,Washington,Female,48
2006,West Virginia,Female,25
2006,Wisconsin,Female,53
2006,Wyoming,Female,2
2007,Alabama,Female,83
2007,Alaska,Female,15
2007,Arizona,Female,105
2007,Arkansas,Female,51
2007,California,Female,409
2007,Colorado,Female,56
2007,Connecticut,Female,29
2007,Delaware,Female,9
2007,District of Columbia,Female,16
2007,Florida,Female,301
2007,Georgia,Female,148
2007,Hawaii,Female,11
2007,Idaho,Female,14
2007,Illinois,Female,59
2007,Indiana,Female,93
2007,Iowa,Female,11
2007,Kansas,Female,23
2007,Kentucky,Female,50
2007,Louisiana,Female,99
2007,Maine,Female,11
2007,Maryland,Female,83
2007,Massachusetts,Female,54
2007,Michigan,Female,133
2007,Minnesota,Female,32
2007,Mississippi,Female,29
2007,Missouri,Female,81
2007,Montana,Female,4
2007,Nebraska,Female,9
2007,Nevada,Female,45
2007,New Hampshire,Female,4
2007,New Jersey,Female,70
2007,New Mexico,Female,42
2007,New York,Female,156
2007,North Carolina,Female,138
2007,North Dakota,Female,7
2007,Ohio,Female,112
2007,Oklahoma,Female,75
2007,Oregon,Female,26
2007,Pennsylvania,Female,142
2007,Rhodes Island,Female,5
2007,South Carolina,Female,85
2007,South Dakota,Female,9
2007,Tennessee,Female,86
2007,Texas,Female,334
2007,Utah,Female,18
2007,Vermont,Female,4
2007,Virginia,Female,102
2007,Washington,Female,49
2007,West Virginia,Female,20
2007,Wisconsin,Female,58
2007,Wyoming,Female,7
2008,Alabama,Female,69
2008,Alaska,Female,4
2008,Arizona,Female,76
2008,Arkansas,Female,33
2008,California,Female,377
2008,Colorado,Female,48
2008,Connecticut,Female,20
2008,Delaware,Female,10
2008,Florida,Female,272
2008,Georgia,Female,133
2008,Hawaii,Female,9
2008,Idaho,Female,5
2008,Illinois,Female,66
2008,Indiana,Female,69
2008,Iowa,Female,29
2008,Kansas,Female,36
2008,Kentucky,Female,62
2008,Louisiana,Female,74
2008,Maine,Female,10
2008,Maryland,Female,88
2008,Massachusetts,Female,27
2008,Michigan,Female,95
2008,Minnesota,Female,29
2008,Mississippi,Female,37
2008,Missouri,Female,98
2008,Montana,Female,14
2008,Nebraska,Female,12
2008,Nevada,Female,53
2008,New Hampshire,Female,3
2008,New Jersey,Female,86
2008,New Mexico,Female,30
2008,New York,Female,163
2008,North Carolina,Female,164
2008,North Dakota,Female,1
2008,Ohio,Female,97
2008,Oklahoma,Female,50
2008,Oregon,Female,15
2008,Pennsylvania,Female,144
2008,Rhodes Island,Female,6
2008,South Carolina,Female,69
2008,South Dakota,Female,10
2008,Tennessee,Female,94
2008,Texas,Female,333
2008,Utah,Female,16
2008,Vermont,Female,10
2008,Virginia,Female,103
2008,Washington,Female,49
2008,West Virginia,Female,24
2008,Wisconsin,Female,50
2008,Wyoming,Female,3
2009,Alabama,Female,83
2009,Alaska,Female,12
2009,Arizona,Female,100
2009,Arkansas,Female,37
2009,California,Female,361
2009,Colorado,Female,45
2009,Connecticut,Female,25
2009,Delaware,Female,9
2009,District of Columbia,Female,13
2009,Florida,Female,284
2009,Georgia,Female,147
2009,Hawaii,Female,12
2009,Idaho,Female,6
2009,Illinois,Female,59
2009,Indiana,Female,67
2009,Iowa,Female,15
2009,Kansas,Female,39
2009,Kentucky,Female,56
2009,Louisiana,Female,86
2009,Maine,Female,11
2009,Maryland,Female,72
2009,Massachusetts,Female,50
2009,Michigan,Female,134
2009,Minnesota,Female,22
2009,Mississippi,Female,35
2009,Missouri,Female,101
2009,Montana,Female,9
2009,Nebraska,Female,13
2009,Nevada,Female,48
2009,New Hampshire,Female,6
2009,New Jersey,Female,71
2009,New Mexico,Female,44
2009,New York,Female,171
2009,North Carolina,Female,130
2009,North Dakota,Female,5
2009,Ohio,Female,111
2009,Oklahoma,Female,53
2009,Oregon,Female,35
2009,Pennsylvania,Female,170
2009,Rhodes Island,Female,9
2009,South Carolina,Female,71
2009,South Dakota,Female,8
2009,Tennessee,Female,108
2009,Texas,Female,338
2009,Utah,Female,16
2009,Vermont,Female,3
2009,Virginia,Female,94
2009,Washington,Female,66
2009,West Virginia,Female,20
2009,Wisconsin,Female,51
2009,Wyoming,Female,1
2010,Alabama,Female,50
2010,Alaska,Female,8
2010,Arizona,Female,79
2010,Arkansas,Female,38
2010,California,Female,371
2010,Colorado,Female,35
2010,Connecticut,Female,28
2010,Delaware,Female,5
2010,District of Columbia,Female,13
2010,Florida,Female,273
2010,Georgia,Female,122
2010,Hawaii,Female,14
2010,Idaho,Female,12
2010,Illinois,Female,53
2010,Indiana,Female,64
2010,Iowa,Female,20
2010,Kansas,Female,27
2010,Kentucky,Female,58
2010,Louisiana,Female,79
2010,Maine,Female,8
2010,Maryland,Female,73
2010,Massachusetts,Female,46
2010,Michigan,Female,114
2010,Minnesota,Female,23
2010,Mississippi,Female,43
2010,Missouri,Female,89
2010,Montana,Female,9
2010,Nebraska,Female,16
2010,Nevada,Female,53
2010,New Hampshire,Female,7
2010,New Jersey,Female,65
2010,New Mexico,Female,36
2010,New York,Female,168
2010,North Carolina,Female,118
2010,North Dakota,Female,3
2010,Ohio,Female,100
2010,Oklahoma,Female,44
2010,Oregon,Female,39
2010,Pennsylvania,Female,139
2010,Rhodes Island,Female,9
2010,South Carolina,Female,67
2010,South Dakota,Female,1
2010,Tennessee,Female,100
2010,Texas,Female,340
2010,Utah,Female,27
2010,Vermont,Female,4
2010,Virginia,Female,113
2010,Washington,Female,46
2010,West Virginia,Female,15
2010,Wisconsin,Female,40
2010,Wyoming,Female,4
2011,Alaska,Female,9
2011,Arizona,Female,84
2011,Arkansas,Female,34
2011,California,Female,349
2011,Colorado,Female,50
2011,Connecticut,Female,25
2011,Delaware,Female,9
2011,District of Columbia,Female,12
2011,Florida,Female,271
2011,Georgia,Female,118
2011,Hawaii,Female,6
2011,Idaho,Female,16
2011,Illinois,Female,47
2011,Indiana,Female,75
2011,Iowa,Female,18
2011,Kansas,Female,32
2011,Kentucky,Female,43
2011,Louisiana,Female,85
2011,Maine,Female,12
2011,Maryland,Female,70
2011,Massachusetts,Female,37
2011,Michigan,Female,125
2011,Minnesota,Female,27
2011,Mississippi,Female,38
2011,Missouri,Female,80
2011,Montana,Female,6
2011,Nebraska,Female,21
2011,Nevada,Female,33
2011,New Hampshire,Female,5
2011,New Jersey,Female,68
2011,New Mexico,Female,27
2011,New York,Female,173
2011,North Carolina,Female,133
2011,North Dakota,Female,4
2011,Ohio,Female,98
2011,Oklahoma,Female,61
2011,Oregon,Female,28
2011,Pennsylvania,Female,121
2011,Rhodes Island,Female,6
2011,South Carolina,Female,104
2011,South Dakota,Female,5
2011,Tennessee,Female,93
2011,Texas,Female,292
2011,Utah,Female,23
2011,Vermont,Female,5
2011,Virginia,Female,87
2011,Washington,Female,63
2011,West Virginia,Female,27
2011,Wisconsin,Female,35
2011,Wyoming,Female,4
2012,Alaska,Female,11
2012,Arizona,Female,96
2012,Arkansas,Female,41
2012,California,Female,358
2012,Colorado,Female,52
2012,Connecticut,Female,37
2012,Delaware,Female,9
2012,Florida,Female,253
2012,Georgia,Female,145
2012,Hawaii,Female,4
2012,Idaho,Female,11
2012,Illinois,Female,49
2012,Indiana,Female,73
2012,Iowa,Female,15
2012,Kansas,Female,28
2012,Kentucky,Female,58
2012,Louisiana,Female,84
2012,Maine,Female,11
2012,Maryland,Female,65
2012,Massachusetts,Female,29
2012,Michigan,Female,129
2012,Minnesota,Female,30
2012,Mississippi,Female,42
2012,Missouri,Female,106
2012,Montana,Female,10
2012,Nebraska,Female,10
2012,Nevada,Female,40
2012,New Hampshire,Female,5
2012,New Jersey,Female,77
2012,New Mexico,Female,24
2012,New York,Female,119
2012,North Carolina,Female,113
2012,North Dakota,Female,5
2012,Ohio,Female,124
2012,Oklahoma,Female,67
2012,Oregon,Female,33
2012,Pennsylvania,Female,136
2012,Rhodes Island,Female,8
2012,South Carolina,Female,83
2012,South Dakota,Female,7
2012,Tennessee,Female,97
2012,Texas,Female,286
2012,Utah,Female,24
2012,Vermont,Female,4
2012,Virginia,Female,72
2012,Washington,Female,69
2012,West Virginia,Female,23
2012,Wisconsin,Female,42
2012,Wyoming,Female,7
2013,Alabama,Female,2
2013,Alaska,Female,11
2013,Arizona,Female,80
2013,Arkansas,Female,34
2013,California,Female,325
2013,Colorado,Female,59
2013,Connecticut,Female,20
2013,Delaware,Female,10
2013,District of Columbia,Female,13
2013,Florida,Female,252
2013,Georgia,Female,123
2013,Hawaii,Female,7
2013,Idaho,Female,10
2013,Illinois,Female,48
2013,Indiana,Female,62
2013,Iowa,Female,11
2013,Kansas,Female,33
2013,Kentucky,Female,55
2013,Louisiana,Female,89
2013,Maine,Female,12
2013,Maryland,Female,67
2013,Massachusetts,Female,38
2013,Michigan,Female,145
2013,Minnesota,Female,35
2013,Mississippi,Female,29
2013,Missouri,Female,82
2013,Montana,Female,3
2013,Nebraska,Female,13
2013,Nevada,Female,45
2013,New Hampshire,Female,7
2013,New Jersey,Female,72
2013,New Mexico,Female,29
2013,New York,Female,149
2013,North Carolina,Female,107
2013,North Dakota,Female,4
2013,Ohio,Female,98
2013,Oklahoma,Female,56
2013,Oregon,Female,24
2013,Pennsylvania,Female,135
2013,Rhodes Island,Female,11
2013,South Carolina,Female,96
2013,South Dakota,Female,4
2013,Tennessee,Female,80
2013,Texas,Female,299
2013,Utah,Female,16
2013,Vermont,Female,5
2013,Virginia,Female,76
2013,Washington,Female,40
2013,West Virginia,Female,15
2013,Wisconsin,Female,46
2013,Wyoming,Female,5
2014,Alabama,Female,1
2014,Alaska,Female,18
2014,Arizona,Female,73
2014,Arkansas,Female,41
2014,California,Female,327
2014,Colorado,Female,45
2014,Connecticut,Female,22
2014,Delaware,Female,8
2014,District of Columbia,Female,17
2014,Florida,Female,258
2014,Georgia,Female,140
2014,Hawaii,Female,3
2014,Idaho,Female,9
2014,Illinois,Female,46
2014,Indiana,Female,62
2014,Iowa,Female,21
2014,Kansas,Female,28
2014,Kentucky,Female,42
2014,Louisiana,Female,95
2014,Maine,Female,9
2014,Maryland,Female,59
2014,Massachusetts,Female,24
2014,Michigan,Female,125
2014,Minnesota,Female,35
2014,Mississippi,Female,31
2014,Missouri,Female,84
2014,Montana,Female,8
2014,Nebraska,Female,15
2014,Nevada,Female,43
2014,New Hampshire,Female,8
2014,New Jersey,Female,70
2014,New Mexico,Female,32
2014,New York,Female,129
2014,North Carolina,Female,107
2014,North Dakota,Female,1
2014,Ohio,Female,89
2014,Oklahoma,Female,63
2014,Oregon,Female,34
2014,Pennsylvania,Female,131
2014,Rhodes Island,Female,4
2014,South Carolina,Female,78
2014,South Dakota,Female,9
2014,Tennessee,Female,75
2014,Texas,Female,328
2014,Utah,Female,33
2014,Vermont,Female,3
2014,Virginia,Female,96
2014,Washington,Female,57
2014,West Virginia,Female,23
2014,Wisconsin,Female,44
2014,Wyoming,Female,5
1980,Alabama,Male,382
1980,Alaska,Male,33
1980,Arizona,Male,216
1980,Arkansas,Male,152
1980,California,Male,2886
1980,Colorado,Male,136
1980,Connecticut,Male,123
1980,Delaware,Male,33
1980,District of Columbia,Male,141
1980,Florida,Male,1171
1980,Georgia,Male,366
1980,Hawaii,Male,59
1980,Idaho,Male,23
1980,Illinois,Male,1079
1980,Indiana,Male,314
1980,Iowa,Male,44
1980,Kansas,Male,122
1980,Kentucky,Male,308
1980,Louisiana,Male,432
1980,Maine,Male,19
1980,Maryland,Male,341
1980,Massachusetts,Male,168
1980,Michigan,Male,722
1980,Minnesota,Male,70
1980,Mississippi,Male,170
1980,Missouri,Male,416
1980,Montana,Male,22
1980,Nebraska,Male,33
1980,Nevada,Male,99
1980,New Hampshire,Male,19
1980,New Jersey,Male,403
1980,New Mexico,Male,118
1980,New York,Male,1821
1980,North Carolina,Male,490
1980,North Dakota,Male,6
1980,Ohio,Male,675
1980,Oklahoma,Male,240
1980,Oregon,Male,92
1980,Pennsylvania,Male,659
1980,Rhodes Island,Male,27
1980,South Carolina,Male,286
1980,South Dakota,Male,4
1980,Tennessee,Male,403
1980,Texas,Male,1924
1980,Utah,Male,36
1980,Vermont,Male,8
1980,Virginia,Male,341
1980,Washington,Male,157
1980,West Virginia,Male,111
1980,Wisconsin,Male,89
1980,Wyoming,Male,25
1981,Alabama,Male,351
1981,Alaska,Male,44
1981,Arizona,Male,172
1981,Arkansas,Male,163
1981,California,Male,2296
1981,Colorado,Male,156
1981,Connecticut,Male,121
1981,Delaware,Male,24
1981,District of Columbia,Male,194
1981,Florida,Male,1240
1981,Georgia,Male,373
1981,Hawaii,Male,37
1981,Idaho,Male,37
1981,Illinois,Male,1009
1981,Indiana,Male,273
1981,Iowa,Male,53
1981,Kansas,Male,117
1981,Kentucky,Male,212
1981,Louisiana,Male,523
1981,Maine,Male,17
1981,Maryland,Male,339
1981,Massachusetts,Male,153
1981,Michigan,Male,684
1981,Minnesota,Male,53
1981,Mississippi,Male,197
1981,Missouri,Male,417
1981,Montana,Male,16
1981,Nebraska,Male,43
1981,Nevada,Male,119
1981,New Hampshire,Male,16
1981,New Jersey,Male,427
1981,New Mexico,Male,4
1981,New York,Male,1509
1981,North Carolina,Male,402
1981,North Dakota,Male,8
1981,Ohio,Male,605
1981,Oklahoma,Male,235
1981,Oregon,Male,80
1981,Pennsylvania,Male,583
1981,Rhodes Island,Male,30
1981,South Carolina,Male,267
1981,South Dakota,Male,8
1981,Tennessee,Male,341
1981,Texas,Male,1877
1981,Utah,Male,42
1981,Vermont,Male,7
1981,Virginia,Male,340
1981,Washington,Male,144
1981,West Virginia,Male,87
1981,Wisconsin,Male,102
1981,Wyoming,Male,17
1982,Alabama,Male,334
1982,Alaska,Male,52
1982,Arizona,Male,185
1982,Arkansas,Male,143
1982,California,Male,2318
1982,Colorado,Male,144
1982,Connecticut,Male,113
1982,Delaware,Male,31
1982,District of Columbia,Male,165
1982,Florida,Male,1158
1982,Georgia,Male,410
1982,Hawaii,Male,24
1982,Idaho,Male,17
1982,Illinois,Male,869
1982,Indiana,Male,248
1982,Iowa,Male,46
1982,Kansas,Male,96
1982,Kentucky,Male,216
1982,Louisiana,Male,528
1982,Maine,Male,16
1982,Maryland,Male,332
1982,Massachusetts,Male,161
1982,Michigan,Male,671
1982,Minnesota,Male,57
1982,Mississippi,Male,172
1982,Missouri,Male,361
1982,Montana,Male,1
1982,Nebraska,Male,22
1982,Nevada,Male,98
1982,New Hampshire,Male,12
1982,New Jersey,Male,362
1982,New Mexico,Male,92
1982,New York,Male,1644
1982,North Carolina,Male,417
1982,North Dakota,Male,3
1982,Ohio,Male,517
1982,Oklahoma,Male,276
1982,Oregon,Male,90
1982,Pennsylvania,Male,533
1982,Rhodes Island,Male,26
1982,South Carolina,Male,266
1982,South Dakota,Male,8
1982,Tennessee,Male,344
1982,Texas,Male,1483
1982,Utah,Male,38
1982,Vermont,Male,4
1982,Virginia,Male,306
1982,Washington,Male,119
1982,West Virginia,Male,79
1982,Wisconsin,Male,96
1982,Wyoming,Male,20
1983,Alabama,Male,287
1983,Alaska,Male,49
1983,Arizona,Male,172
1983,Arkansas,Male,155
1983,California,Male,2227
1983,Colorado,Male,152
1983,Connecticut,Male,90
1983,Delaware,Male,18
1983,District of Columbia,Male,163
1983,Florida,Male,934
1983,Georgia,Male,300
1983,Hawaii,Male,38
1983,Idaho,Male,24
1983,Illinois,Male,898
1983,Indiana,Male,204
1983,Iowa,Male,46
1983,Kansas,Male,94
1983,Kentucky,Male,192
1983,Louisiana,Male,461
1983,Maine,Male,22
1983,Maryland,Male,285
1983,Massachusetts,Male,146
1983,Michigan,Male,702
1983,Minnesota,Male,40
1983,Mississippi,Male,138
1983,Missouri,Male,294
1983,Montana,Male,12
1983,Nebraska,Male,32
1983,Nevada,Male,82
1983,New Hampshire,Male,11
1983,New Jersey,Male,304
1983,New Mexico,Male,70
1983,New York,Male,1703
1983,North Carolina,Male,390
1983,North Dakota,Male,9
1983,Ohio,Male,428
1983,Oklahoma,Male,206
1983,Oregon,Male,78
1983,Pennsylvania,Male,448
1983,Rhodes Island,Male,22
1983,South Carolina,Male,251
1983,South Dakota,Male,6
1983,Tennessee,Male,306
1983,Texas,Male,1861
1983,Utah,Male,35
1983,Vermont,Male,5
1983,Virginia,Male,310
1983,Washington,Male,152
1983,West Virginia,Male,66
1983,Wisconsin,Male,79
1983,Wyoming,Male,22
1984,Alabama,Male,286
1984,Alaska,Male,41
1984,Arizona,Male,180
1984,Arkansas,Male,135
1984,California,Male,2228
1984,Colorado,Male,135
1984,Connecticut,Male,81
1984,Delaware,Male,15
1984,District of Columbia,Male,139
1984,Florida,Male,943
1984,Georgia,Male,368
1984,Hawaii,Male,22
1984,Idaho,Male,22
1984,Illinois,Male,171
1984,Indiana,Male,207
1984,Iowa,Male,33
1984,Kansas,Male,63
1984,Kentucky,Male,190
1984,Louisiana,Male,407
1984,Maine,Male,6
1984,Maryland,Male,290
1984,Massachusetts,Male,146
1984,Michigan,Male,701
1984,Minnesota,Male,55
1984,Mississippi,Male,119
1984,Missouri,Male,269
1984,Montana,Male,23
1984,Nebraska,Male,34
1984,Nevada,Male,62
1984,New Hampshire,Male,7
1984,New Jersey,Male,277
1984,New Mexico,Male,61
1984,New York,Male,1478
1984,North Carolina,Male,374
1984,North Dakota,Male,7
1984,Ohio,Male,387
1984,Oklahoma,Male,190
1984,Oregon,Male,96
1984,Pennsylvania,Male,387
1984,Rhodes Island,Male,19
1984,South Carolina,Male,231
1984,South Dakota,Male,10
1984,Tennessee,Male,273
1984,Texas,Male,1766
1984,Utah,Male,32
1984,Vermont,Male,11
1984,Virginia,Male,322
1984,Washington,Male,138
1984,West Virginia,Male,66
1984,Wisconsin,Male,78
1984,Wyoming,Male,14
1985,Alabama,Male,304
1985,Alaska,Male,33
1985,Arizona,Male,184
1985,Arkansas,Male,130
1985,California,Male,2305
1985,Colorado,Male,150
1985,Connecticut,Male,93
1985,Delaware,Male,24
1985,District of Columbia,Male,121
1985,Florida,Male,962
1985,Georgia,Male,393
1985,Hawaii,Male,29
1985,Idaho,Male,18
1985,Illinois,Male,158
1985,Indiana,Male,204
1985,Iowa,Male,34
1985,Kansas,Male,88
1985,Kentucky,Male,187
1985,Louisiana,Male,348
1985,Maine,Male,15
1985,Maryland,Male,282
1985,Massachusetts,Male,138
1985,Michigan,Male,811
1985,Minnesota,Male,69
1985,Mississippi,Male,137
1985,Missouri,Male,289
1985,Montana,Male,25
1985,Nebraska,Male,25
1985,Nevada,Male,65
1985,New Hampshire,Male,7
1985,New Jersey,Male,286
1985,New Mexico,Male,103
1985,New York,Male,1258
1985,North Carolina,Male,390
1985,North Dakota,Male,5
1985,Ohio,Male,382
1985,Oklahoma,Male,211
1985,Oregon,Male,95
1985,Pennsylvania,Male,427
1985,Rhodes Island,Male,27
1985,South Carolina,Male,238
1985,South Dakota,Male,5
1985,Tennessee,Male,292
1985,Texas,Male,1774
1985,Utah,Male,30
1985,Vermont,Male,7
1985,Virginia,Male,285
1985,Washington,Male,161
1985,West Virginia,Male,58
1985,Wisconsin,Male,101
1985,Wyoming,Male,12
1986,Alabama,Male,313
1986,Alaska,Male,35
1986,Arizona,Male,232
1986,Arkansas,Male,140
1986,California,Male,2567
1986,Colorado,Male,185
1986,Connecticut,Male,97
1986,Delaware,Male,20
1986,District of Columbia,Male,125
1986,Florida,Male,1037
1986,Georgia,Male,487
1986,Hawaii,Male,31
1986,Idaho,Male,20
1986,Illinois,Male,686
1986,Indiana,Male,202
1986,Iowa,Male,33
1986,Kansas,Male,68
1986,Kentucky,Male,183
1986,Louisiana,Male,420
1986,Maine,Male,20
1986,Maryland,Male,305
1986,Massachusetts,Male,115
1986,Michigan,Male,833
1986,Minnesota,Male,67
1986,Mississippi,Male,133
1986,Missouri,Male,339
1986,Montana,Male,1
1986,Nebraska,Male,35
1986,Nevada,Male,84
1986,New Hampshire,Male,18
1986,New Jersey,Male,294
1986,New Mexico,Male,110
1986,New York,Male,1329
1986,North Carolina,Male,395
1986,North Dakota,Male,5
1986,Ohio,Male,393
1986,Oklahoma,Male,209
1986,Oregon,Male,118
1986,Pennsylvania,Male,392
1986,Rhodes Island,Male,20
1986,South Carolina,Male,242
1986,South Dakota,Male,8
1986,Tennessee,Male,363
1986,Texas,Male,1825
1986,Utah,Male,36
1986,Vermont,Male,5
1986,Virginia,Male,311
1986,Washington,Male,137
1986,West Virginia,Male,94
1986,Wisconsin,Male,98
1986,Wyoming,Male,19
1987,Alabama,Male,252
1987,Alaska,Male,35
1987,Arizona,Male,201
1987,Arkansas,Male,136
1987,California,Male,2443
1987,Colorado,Male,148
1987,Connecticut,Male,107
1987,Delaware,Male,20
1987,District of Columbia,Male,186
1987,Florida,Male,1039
1987,Georgia,Male,436
1987,Hawaii,Male,39
1987,Idaho,Male,17
1987,Illinois,Male,238
1987,Indiana,Male,141
1987,Iowa,Male,19
1987,Kansas,Male,74
1987,Kentucky,Male,66
1987,Louisiana,Male,276
1987,Maine,Male,19
1987,Maryland,Male,280
1987,Massachusetts,Male,99
1987,Michigan,Male,882
1987,Minnesota,Male,66
1987,Mississippi,Male,132
1987,Missouri,Male,287
1987,Nebraska,Male,17
1987,Nevada,Male,57
1987,New Hampshire,Male,20
1987,New Jersey,Male,265
1987,New Mexico,Male,105
1987,New York,Male,1505
1987,North Carolina,Male,375
1987,North Dakota,Male,5
1987,Ohio,Male,414
1987,Oklahoma,Male,179
1987,Oregon,Male,112
1987,Pennsylvania,Male,380
1987,Rhodes Island,Male,26
1987,South Carolina,Male,233
1987,South Dakota,Male,5
1987,Tennessee,Male,316
1987,Texas,Male,1580
1987,Utah,Male,33
1987,Vermont,Male,11
1987,Virginia,Male,328
1987,Washington,Male,164
1987,West Virginia,Male,79
1987,Wisconsin,Male,110
1987,Wyoming,Male,6
1988,Alabama,Male,299
1988,Alaska,Male,21
1988,Arizona,Male,221
1988,Arkansas,Male,162
1988,California,Male,2439
1988,Colorado,Male,136
1988,Connecticut,Male,139
1988,Delaware,Male,16
1988,District of Columbia,Male,321
1988,Georgia,Male,528
1988,Hawaii,Male,27
1988,Idaho,Male,16
1988,Illinois,Male,754
1988,Indiana,Male,232
1988,Iowa,Male,27
1988,Kansas,Male,24
1988,Louisiana,Male,354
1988,Maine,Male,18
1988,Maryland,Male,343
1988,Massachusetts,Male,105
1988,Michigan,Male,813
1988,Minnesota,Male,79
1988,Mississippi,Male,118
1988,Missouri,Male,301
1988,Montana,Male,14
1988,Nebraska,Male,44
1988,Nevada,Male,75
1988,New Hampshire,Male,16
1988,New Jersey,Male,315
1988,New Mexico,Male,99
1988,New York,Male,1766
1988,North Carolina,Male,371
1988,North Dakota,Male,8
1988,Ohio,Male,388
1988,Oklahoma,Male,191
1988,Oregon,Male,105
1988,Pennsylvania,Male,390
1988,Rhodes Island,Male,32
1988,South Carolina,Male,243
1988,South Dakota,Male,6
1988,Tennessee,Male,292
1988,Texas,Male,1539
1988,Utah,Male,31
1988,Vermont,Male,5
1988,Virginia,Male,344
1988,Washington,Male,182
1988,West Virginia,Male,72
1988,Wisconsin,Male,103
1988,Wyoming,Male,9
1989,Alabama,Male,318
1989,Alaska,Male,32
1989,Arizona,Male,203
1989,Arkansas,Male,168
1989,California,Male,2722
1989,Colorado,Male,105
1989,Connecticut,Male,149
1989,Delaware,Male,24
1989,District of Columbia,Male,391
1989,Georgia,Male,616
1989,Hawaii,Male,37
1989,Idaho,Male,21
1989,Illinois,Male,865
1989,Indiana,Male,189
1989,Iowa,Male,38
1989,Kansas,Male,44
1989,Kentucky,Male,125
1989,Louisiana,Male,469
1989,Maine,Male,30
1989,Maryland,Male,403
1989,Massachusetts,Male,124
1989,Michigan,Male,797
1989,Minnesota,Male,67
1989,Mississippi,Male,127
1989,Missouri,Male,304
1989,Montana,Male,14
1989,Nebraska,Male,28
1989,Nevada,Male,70
1989,New Hampshire,Male,18
1989,New Jersey,Male,284
1989,New Mexico,Male,87
1989,New York,Male,1616
1989,North Carolina,Male,439
1989,North Dakota,Male,2
1989,Ohio,Male,467
1989,Oklahoma,Male,174
1989,Oregon,Male,94
1989,Pennsylvania,Male,561
1989,Rhodes Island,Male,33
1989,South Carolina,Male,240
1989,South Dakota,Male,5
1989,Tennessee,Male,294
1989,Texas,Male,1699
1989,Utah,Male,28
1989,Vermont,Male,8
1989,Virginia,Male,373
1989,Washington,Male,148
1989,West Virginia,Male,88
1989,Wisconsin,Male,126
1989,Wyoming,Male,16
1990,Alabama,Male,349
1990,Alaska,Male,25
1990,Arizona,Male,234
1990,Arkansas,Male,178
1990,California,Male,3160
1990,Colorado,Male,126
1990,Connecticut,Male,133
1990,Delaware,Male,18
1990,District of Columbia,Male,430
1990,Georgia,Male,565
1990,Hawaii,Male,31
1990,Idaho,Male,22
1990,Illinois,Male,598
1990,Indiana,Male,196
1990,Iowa,Male,33
1990,Kansas,Male,71
1990,Kentucky,Male,171
1990,Louisiana,Male,482
1990,Maine,Male,11
1990,Maryland,Male,468
1990,Massachusetts,Male,153
1990,Michigan,Male,785
1990,Minnesota,Male,40
1990,Mississippi,Male,137
1990,Missouri,Male,335
1990,Montana,Male,1
1990,Nebraska,Male,26
1990,Nevada,Male,71
1990,New Hampshire,Male,12
1990,New Jersey,Male,324
1990,New Mexico,Male,71
1990,New York,Male,1902
1990,North Carolina,Male,545
1990,North Dakota,Male,2
1990,Ohio,Male,480
1990,Oklahoma,Male,197
1990,Oregon,Male,91
1990,Pennsylvania,Male,600
1990,Rhodes Island,Male,34
1990,South Carolina,Male,307
1990,South Dakota,Male,8
1990,Tennessee,Male,348
1990,Texas,Male,2015
1990,Utah,Male,34
1990,Vermont,Male,9
1990,Virginia,Male,417
1990,Washington,Male,190
1990,West Virginia,Male,86
1990,Wisconsin,Male,180
1990,Wyoming,Male,15
1991,Alabama,Male,321
1991,Alaska,Male,27
1991,Arizona,Male,232
1991,Arkansas,Male,198
1991,California,Male,3392
1991,Colorado,Male,152
1991,Connecticut,Male,137
1991,Delaware,Male,28
1991,District of Columbia,Male,417
1991,Florida,Male,1
1991,Georgia,Male,549
1991,Hawaii,Male,27
1991,Idaho,Male,12
1991,Illinois,Male,1073
1991,Indiana,Male,226
1991,Kansas,Male,112
1991,Kentucky,Male,192
1991,Louisiana,Male,241
1991,Maryland,Male,468
1991,Massachusetts,Male,168
1991,Michigan,Male,812
1991,Minnesota,Male,86
1991,Mississippi,Male,175
1991,Missouri,Male,420
1991,Montana,Male,11
1991,Nebraska,Male,40
1991,Nevada,Male,104
1991,New Hampshire,Male,19
1991,New Jersey,Male,290
1991,New Mexico,Male,87
1991,New York,Male,2019
1991,North Carolina,Male,614
1991,North Dakota,Male,3
1991,Ohio,Male,540
1991,Oklahoma,Male,184
1991,Oregon,Male,115
1991,Pennsylvania,Male,570
1991,Rhodes Island,Male,26
1991,South Carolina,Male,283
1991,South Dakota,Male,9
1991,Tennessee,Male,312
1991,Texas,Male,2177
1991,Utah,Male,32
1991,Vermont,Male,11
1991,Virginia,Male,461
1991,Washington,Male,150
1991,West Virginia,Male,78
1991,Wisconsin,Male,186
1991,Wyoming,Male,9
1992,Alabama,Male,311
1992,Alaska,Male,34
1992,Arizona,Male,264
1992,Arkansas,Male,184
1992,California,Male,3478
1992,Colorado,Male,161
1992,Connecticut,Male,140
1992,Delaware,Male,12
1992,District of Columbia,Male,412
1992,Florida,Male,919
1992,Georgia,Male,508
1992,Hawaii,Male,23
1992,Idaho,Male,26
1992,Illinois,Male,1047
1992,Indiana,Male,266
1992,Iowa,Male,13
1992,Kansas,Male,119
1992,Kentucky,Male,148
1992,Louisiana,Male,571
1992,Maryland,Male,494
1992,Massachusetts,Male,130
1992,Michigan,Male,757
1992,Minnesota,Male,91
1992,Mississippi,Male,151
1992,Missouri,Male,400
1992,Montana,Male,13
1992,Nebraska,Male,23
1992,Nevada,Male,100
1992,New Hampshire,Male,12
1992,New Jersey,Male,304
1992,New Mexico,Male,79
1992,New York,Male,2042
1992,North Carolina,Male,539
1992,North Dakota,Male,8
1992,Ohio,Male,522
1992,Oklahoma,Male,161
1992,Oregon,Male,103
1992,Pennsylvania,Male,600
1992,Rhodes Island,Male,31
1992,South Carolina,Male,266
1992,South Dakota,Male,5
1992,Tennessee,Male,369
1992,Texas,Male,1895
1992,Utah,Male,31
1992,Vermont,Male,6
1992,Virginia,Male,461
1992,Washington,Male,197
1992,West Virginia,Male,83
1992,Wisconsin,Male,161
1992,Wyoming,Male,13
1993,Alabama,Male,356
1993,Alaska,Male,44
1993,Arizona,Male,265
1993,Arkansas,Male,199
1993,California,Male,3593
1993,Colorado,Male,160
1993,Connecticut,Male,161
1993,Delaware,Male,17
1993,District of Columbia,Male,382
1993,Florida,Male,987
1993,Georgia,Male,557
1993,Hawaii,Male,30
1993,Idaho,Male,15
1993,Illinois,Male,815
1993,Indiana,Male,274
1993,Iowa,Male,19
1993,Kansas,Male,22
1993,Kentucky,Male,168
1993,Louisiana,Male,644
1993,Maine,Male,3
1993,Maryland,Male,525
1993,Massachusetts,Male,159
1993,Michigan,Male,746
1993,Minnesota,Male,98
1993,Mississippi,Male,182
1993,Missouri,Male,454
1993,Nebraska,Male,20
1993,Nevada,Male,102
1993,New Hampshire,Male,13
1993,New Jersey,Male,306
1993,New Mexico,Male,87
1993,New York,Male,2064
1993,North Carolina,Male,599
1993,North Dakota,Male,8
1993,Ohio,Male,471
1993,Oklahoma,Male,215
1993,Oregon,Male,108
1993,Pennsylvania,Male,664
1993,Rhodes Island,Male,30
1993,South Carolina,Male,278
1993,South Dakota,Male,15
1993,Tennessee,Male,353
1993,Texas,Male,1805
1993,Utah,Male,54
1993,Vermont,Male,8
1993,Virginia,Male,410
1993,Washington,Male,196
1993,West Virginia,Male,87
1993,Wisconsin,Male,169
1993,Wyoming,Male,8
1994,Alabama,Male,385
1994,Alaska,Male,42
1994,Arizona,Male,351
1994,Arkansas,Male,221
1994,California,Male,3333
1994,Colorado,Male,136
1994,Connecticut,Male,169
1994,Delaware,Male,7
1994,District of Columbia,Male,375
1994,Florida,Male,966
1994,Georgia,Male,528
1994,Hawaii,Male,37
1994,Idaho,Male,28
1994,Illinois,Male,1003
1994,Indiana,Male,302
1994,Iowa,Male,30
1994,Kentucky,Male,71
1994,Louisiana,Male,716
1994,Maine,Male,16
1994,Maryland,Male,497
1994,Massachusetts,Male,167
1994,Michigan,Male,747
1994,Minnesota,Male,108
1994,Mississippi,Male,193
1994,Missouri,Male,447
1994,Nebraska,Male,15
1994,Nevada,Male,132
1994,New Hampshire,Male,11
1994,New Jersey,Male,306
1994,New Mexico,Male,85
1994,New York,Male,1711
1994,North Carolina,Male,581
1994,North Dakota,Male,1
1994,Ohio,Male,457
1994,Oklahoma,Male,190
1994,Oregon,Male,119
1994,Pennsylvania,Male,547
1994,Rhodes Island,Male,33
1994,South Carolina,Male,262
1994,South Dakota,Male,6
1994,Tennessee,Male,350
1994,Texas,Male,1674
1994,Utah,Male,46
1994,Vermont,Male,3
1994,Virginia,Male,461
1994,Washington,Male,233
1994,West Virginia,Male,74
1994,Wisconsin,Male,183
1994,Wyoming,Male,14
1995,Alabama,Male,365
1995,Alaska,Male,34
1995,Arizona,Male,387
1995,Arkansas,Male,207
1995,California,Male,3108
1995,Colorado,Male,158
1995,Connecticut,Male,123
1995,Delaware,Male,4
1995,District of Columbia,Male,337
1995,Florida,Male,821
1995,Georgia,Male,508
1995,Hawaii,Male,43
1995,Idaho,Male,33
1995,Illinois,Male,680
1995,Indiana,Male,264
1995,Iowa,Male,35
1995,Kentucky,Male,177
1995,Louisiana,Male,626
1995,Maine,Male,13
1995,Maryland,Male,489
1995,Massachusetts,Male,157
1995,Michigan,Male,642
1995,Minnesota,Male,126
1995,Mississippi,Male,148
1995,Missouri,Male,341
1995,Montana,Male,14
1995,Nebraska,Male,7
1995,Nevada,Male,126
1995,New Hampshire,Male,8
1995,New Jersey,Male,313
1995,New Mexico,Male,93
1995,New York,Male,1238
1995,North Carolina,Male,546
1995,North Dakota,Male,3
1995,Ohio,Male,402
1995,Oklahoma,Male,242
1995,Oregon,Male,98
1995,Pennsylvania,Male,575
1995,Rhodes Island,Male,28
1995,South Carolina,Male,216
1995,South Dakota,Male,9
1995,Tennessee,Male,380
1995,Texas,Male,1334
1995,Utah,Male,55
1995,Vermont,Male,8
1995,Virginia,Male,383
1995,Washington,Male,193
1995,West Virginia,Male,69
1995,Wisconsin,Male,177
1995,Wyoming,Male,9
1996,Alabama,Male,341
1996,Alaska,Male,32
1996,Arizona,Male,321
1996,Arkansas,Male,170
1996,California,Male,2550
1996,Colorado,Male,132
1996,Connecticut,Male,127
1996,Delaware,Male,18
1996,Florida,Male,1041
1996,Georgia,Male,479
1996,Hawaii,Male,25
1996,Idaho,Male,30
1996,Illinois,Male,668
1996,Indiana,Male,229
1996,Iowa,Male,36
1996,Kentucky,Male,158
1996,Louisiana,Male,607
1996,Maine,Male,11
1996,Maryland,Male,490
1996,Massachusetts,Male,111
1996,Michigan,Male,556
1996,Minnesota,Male,105
1996,Mississippi,Male,149
1996,Missouri,Male,322
1996,Nebraska,Male,17
1996,Nevada,Male,176
1996,New Hampshire,Male,15
1996,New Jersey,Male,261
1996,New Mexico,Male,116
1996,New York,Male,1092
1996,North Carolina,Male,480
1996,North Dakota,Male,7
1996,Ohio,Male,369
1996,Oklahoma,Male,175
1996,Oregon,Male,98
1996,Pennsylvania,Male,573
1996,Rhodes Island,Male,16
1996,South Carolina,Male,254
1996,South Dakota,Male,4
1996,Tennessee,Male,334
1996,Texas,Male,1194
1996,Utah,Male,43
1996,Vermont,Male,8
1996,Virginia,Male,359
1996,Washington,Male,165
1996,West Virginia,Male,51
1996,Wisconsin,Male,165
1996,Wyoming,Male,10
1997,Alabama,Male,308
1997,Alaska,Male,41
1997,Arizona,Male,330
1997,Arkansas,Male,184
1997,California,Male,2274
1997,Colorado,Male,124
1997,Connecticut,Male,103
1997,Delaware,Male,7
1997,District of Columbia,Male,268
1997,Florida,Male,804
1997,Georgia,Male,395
1997,Hawaii,Male,36
1997,Idaho,Male,33
1997,Illinois,Male,642
1997,Indiana,Male,309
1997,Iowa,Male,28
1997,Kentucky,Male,164
1997,Louisiana,Male,529
1997,Maine,Male,16
1997,Maryland,Male,426
1997,Massachusetts,Male,92
1997,Michigan,Male,571
1997,Minnesota,Male,98
1997,Mississippi,Male,159
1997,Missouri,Male,305
1997,Montana,Male,8
1997,Nebraska,Male,15
1997,Nevada,Male,141
1997,New Jersey,Male,273
1997,New Mexico,Male,89
1997,New York,Male,875
1997,North Carolina,Male,483
1997,North Dakota,Male,5
1997,Ohio,Male,296
1997,Oklahoma,Male,181
1997,Oregon,Male,78
1997,Pennsylvania,Male,582
1997,Rhodes Island,Male,18
1997,South Carolina,Male,232
1997,South Dakota,Male,2
1997,Tennessee,Male,355
1997,Texas,Male,1093
1997,Utah,Male,55
1997,Vermont,Male,6
1997,Virginia,Male,384
1997,Washington,Male,176
1997,West Virginia,Male,61
1997,Wisconsin,Male,165
1997,Wyoming,Male,11
1998,Alabama,Male,225
1998,Alaska,Male,30
1998,Arizona,Male,308
1998,Arkansas,Male,149
1998,California,Male,1900
1998,Colorado,Male,131
1998,Connecticut,Male,106
1998,Delaware,Male,17
1998,Florida,Male,778
1998,Georgia,Male,399
1998,Hawaii,Male,20
1998,Idaho,Male,23
1998,Illinois,Male,614
1998,Indiana,Male,289
1998,Iowa,Male,24
1998,Kentucky,Male,92
1998,Louisiana,Male,456
1998,Maine,Male,10
1998,Maryland,Male,424
1998,Massachusetts,Male,99
1998,Michigan,Male,540
1998,Minnesota,Male,88
1998,Mississippi,Male,132
1998,Missouri,Male,294
1998,Montana,Male,6
1998,Nebraska,Male,17
1998,Nevada,Male,140
1998,New Hampshire,Male,7
1998,New Jersey,Male,230
1998,New Mexico,Male,129
1998,New York,Male,735
1998,North Carolina,Male,476
1998,North Dakota,Male,5
1998,Ohio,Male,275
1998,Oklahoma,Male,154
1998,Oregon,Male,99
1998,Pennsylvania,Male,472
1998,Rhodes Island,Male,19
1998,South Carolina,Male,222
1998,South Dakota,Male,3
1998,Tennessee,Male,339
1998,Texas,Male,1116
1998,Utah,Male,36
1998,Vermont,Male,7
1998,Virginia,Male,308
1998,Washington,Male,146
1998,West Virginia,Male,57
1998,Wyoming,Male,7
1999,Alabama,Male,12
1999,Alaska,Male,42
1999,Arizona,Male,313
1999,Arkansas,Male,114
1999,California,Male,1688
1999,Colorado,Male,146
1999,Connecticut,Male,93
1999,Delaware,Male,20
1999,Florida,Male,672
1999,Georgia,Male,401
1999,Hawaii,Male,31
1999,Idaho,Male,16
1999,Illinois,Male,556
1999,Indiana,Male,263
1999,Iowa,Male,36
1999,Kentucky,Male,59
1999,Louisiana,Male,374
1999,Maine,Male,12
1999,Maryland,Male,366
1999,Massachusetts,Male,87
1999,Michigan,Male,569
1999,Minnesota,Male,91
1999,Mississippi,Male,116
1999,Missouri,Male,255
1999,Montana,Male,8
1999,Nebraska,Male,17
1999,Nevada,Male,125
1999,New Hampshire,Male,10
1999,New Jersey,Male,209
1999,New Mexico,Male,121
1999,New York,Male,723
1999,North Carolina,Male,425
1999,North Dakota,Male,4
1999,Ohio,Male,264
1999,Oklahoma,Male,190
1999,Oregon,Male,62
1999,Pennsylvania,Male,463
1999,Rhodes Island,Male,25
1999,South Carolina,Male,204
1999,South Dakota,Male,5
1999,Tennessee,Male,305
1999,Texas,Male,947
1999,Utah,Male,38
1999,Vermont,Male,10
1999,Virginia,Male,277
1999,Washington,Male,133
1999,West Virginia,Male,47
1999,Wisconsin,Male,150
1999,Wyoming,Male,11
2000,Alabama,Male,175
2000,Alaska,Male,29
2000,Arizona,Male,289
2000,Arkansas,Male,126
2000,California,Male,1798
2000,Colorado,Male,95
2000,Connecticut,Male,72
2000,Delaware,Male,16
2000,Florida,Male,608
2000,Georgia,Male,373
2000,Hawaii,Male,22
2000,Idaho,Male,12
2000,Illinois,Male,549
2000,Indiana,Male,232
2000,Iowa,Male,34
2000,Kansas,Male,27
2000,Kentucky,Male,50
2000,Louisiana,Male,441
2000,Maine,Male,8
2000,Maryland,Male,380
2000,Massachusetts,Male,82
2000,Michigan,Male,523
2000,Minnesota,Male,76
2000,Mississippi,Male,112
2000,Missouri,Male,259
2000,Montana,Male,9
2000,Nebraska,Male,16
2000,Nevada,Male,108
2000,New Hampshire,Male,8
2000,New Jersey,Male,240
2000,New Mexico,Male,95
2000,New York,Male,772
2000,North Carolina,Male,442
2000,North Dakota,Male,3
2000,Ohio,Male,256
2000,Oklahoma,Male,144
2000,Oregon,Male,57
2000,Pennsylvania,Male,463
2000,Rhodes Island,Male,37
2000,South Carolina,Male,213
2000,South Dakota,Male,8
2000,Tennessee,Male,308
2000,Texas,Male,975
2000,Utah,Male,41
2000,Vermont,Male,5
2000,Virginia,Male,291
2000,Washington,Male,149
2000,West Virginia,Male,47
2000,Wisconsin,Male,128
2000,Wyoming,Male,8
2001,Alabama,Male,259
2001,Alaska,Male,28
2001,Arizona,Male,357
2001,Arkansas,Male,108
2001,California,Male,1902
2001,Colorado,Male,114
2001,Connecticut,Male,87
2001,Delaware,Male,22
2001,District of Columbia,Male,1
2001,Florida,Male,652
2001,Georgia,Male,441
2001,Hawaii,Male,24
2001,Idaho,Male,22
2001,Illinois,Male,585
2001,Indiana,Male,291
2001,Iowa,Male,32
2001,Kansas,Male,50
2001,Kentucky,Male,61
2001,Louisiana,Male,418
2001,Maine,Male,11
2001,Maryland,Male,402
2001,Massachusetts,Male,124
2001,Michigan,Male,535
2001,Minnesota,Male,80
2001,Mississippi,Male,161
2001,Missouri,Male,302
2001,Montana,Male,16
2001,Nebraska,Male,12
2001,Nevada,Male,145
2001,New Hampshire,Male,12
2001,New Jersey,Male,279
2001,New Mexico,Male,73
2001,New York,Male,740
2001,North Carolina,Male,419
2001,North Dakota,Male,7
2001,Ohio,Male,337
2001,Oklahoma,Male,156
2001,Oregon,Male,66
2001,Pennsylvania,Male,508
2001,Rhodes Island,Male,33
2001,South Carolina,Male,235
2001,South Dakota,Male,5
2001,Tennessee,Male,312
2001,Texas,Male,1045
2001,Utah,Male,51
2001,Vermont,Male,4
2001,Virginia,Male,264
2001,Washington,Male,133
2001,West Virginia,Male,21
2001,Wisconsin,Male,151
2001,Wyoming,Male,9
2002,Alabama,Male,224
2002,Alaska,Male,21
2002,Arizona,Male,380
2002,Arkansas,Male,115
2002,California,Male,2079
2002,Colorado,Male,125
2002,Connecticut,Male,69
2002,Delaware,Male,19
2002,District of Columbia,Male,218
2002,Florida,Male,719
2002,Georgia,Male,481
2002,Hawaii,Male,17
2002,Idaho,Male,27
2002,Illinois,Male,574
2002,Indiana,Male,251
2002,Iowa,Male,31
2002,Kansas,Male,49
2002,Kentucky,Male,66
2002,Louisiana,Male,447
2002,Maine,Male,10
2002,Maryland,Male,445
2002,Massachusetts,Male,139
2002,Michigan,Male,528
2002,Minnesota,Male,89
2002,Mississippi,Male,148
2002,Missouri,Male,276
2002,Montana,Male,6
2002,Nebraska,Male,11
2002,Nevada,Male,145
2002,New Hampshire,Male,11
2002,New Jersey,Male,262
2002,New Mexico,Male,114
2002,New York,Male,708
2002,North Carolina,Male,420
2002,North Dakota,Male,2
2002,Ohio,Male,369
2002,Oklahoma,Male,132
2002,Oregon,Male,47
2002,Pennsylvania,Male,488
2002,Rhodes Island,Male,31
2002,South Carolina,Male,231
2002,South Dakota,Male,11
2002,Tennessee,Male,340
2002,Texas,Male,1038
2002,Utah,Male,38
2002,Vermont,Male,7
2002,Virginia,Male,279
2002,Washington,Male,150
2002,West Virginia,Male,54
2002,Wisconsin,Male,127
2002,Wyoming,Male,10
2003,Alabama,Male,225
2003,Alaska,Male,26
2003,Arizona,Male,376
2003,Arkansas,Male,124
2003,California,Male,2143
2003,Colorado,Male,129
2003,Connecticut,Male,72
2003,Delaware,Male,18
2003,District of Columbia,Male,221
2003,Florida,Male,723
2003,Georgia,Male,489
2003,Hawaii,Male,18
2003,Idaho,Male,14
2003,Illinois,Male,552
2003,Indiana,Male,251
2003,Iowa,Male,31
2003,Kansas,Male,66
2003,Kentucky,Male,69
2003,Louisiana,Male,495
2003,Maine,Male,9
2003,Maryland,Male,448
2003,Massachusetts,Male,108
2003,Michigan,Male,491
2003,Minnesota,Male,98
2003,Mississippi,Male,142
2003,Missouri,Male,265
2003,Montana,Male,15
2003,Nebraska,Male,12
2003,Nevada,Male,146
2003,New Hampshire,Male,8
2003,New Jersey,Male,329
2003,New Mexico,Male,79
2003,New York,Male,738
2003,North Carolina,Male,397
2003,North Dakota,Male,4
2003,Ohio,Male,373
2003,Oklahoma,Male,179
2003,Oregon,Male,51
2003,Pennsylvania,Male,526
2003,Rhodes Island,Male,21
2003,South Carolina,Male,228
2003,South Dakota,Male,8
2003,Tennessee,Male,309
2003,Texas,Male,1128
2003,Utah,Male,44
2003,Vermont,Male,8
2003,Virginia,Male,327
2003,Washington,Male,152
2003,West Virginia,Male,43
2003,Wisconsin,Male,150
2003,Wyoming,Male,12
2004,Alabama,Male,196
2004,Alaska,Male,33
2004,Arizona,Male,379
2004,Arkansas,Male,122
2004,California,Male,2155
2004,Colorado,Male,158
2004,Connecticut,Male,74
2004,Delaware,Male,20
2004,District of Columbia,Male,168
2004,Florida,Male,729
2004,Georgia,Male,404
2004,Hawaii,Male,26
2004,Idaho,Male,22
2004,Illinois,Male,412
2004,Indiana,Male,238
2004,Iowa,Male,32
2004,Kansas,Male,48
2004,Kentucky,Male,148
2004,Louisiana,Male,474
2004,Maine,Male,11
2004,Maryland,Male,463
2004,Massachusetts,Male,143
2004,Michigan,Male,524
2004,Minnesota,Male,94
2004,Mississippi,Male,143
2004,Missouri,Male,274
2004,Montana,Male,20
2004,Nebraska,Male,24
2004,Nevada,Male,146
2004,New Hampshire,Male,5
2004,New Jersey,Male,338
2004,New Mexico,Male,112
2004,New York,Male,714
2004,North Carolina,Male,377
2004,North Dakota,Male,5
2004,Ohio,Male,373
2004,Oklahoma,Male,151
2004,Oregon,Male,84
2004,Pennsylvania,Male,550
2004,Rhodes Island,Male,20
2004,South Carolina,Male,221
2004,South Dakota,Male,11
2004,Tennessee,Male,290
2004,Texas,Male,1093
2004,Utah,Male,41
2004,Vermont,Male,6
2004,Virginia,Male,289
2004,Washington,Male,153
2004,West Virginia,Male,47
2004,Wisconsin,Male,120
2004,Wyoming,Male,6
2005,Alabama,Male,259
2005,Alaska,Male,24
2005,Arizona,Male,404
2005,Arkansas,Male,136
2005,California,Male,2241
2005,Colorado,Male,127
2005,Connecticut,Male,83
2005,Delaware,Male,30
2005,District of Columbia,Male,164
2005,Florida,Male,733
2005,Georgia,Male,394
2005,Hawaii,Male,19
2005,Idaho,Male,30
2005,Illinois,Male,399
2005,Indiana,Male,265
2005,Iowa,Male,23
2005,Kansas,Male,73
2005,Kentucky,Male,134
2005,Louisiana,Male,357
2005,Maine,Male,10
2005,Maryland,Male,502
2005,Massachusetts,Male,144
2005,Michigan,Male,519
2005,Minnesota,Male,87
2005,Mississippi,Male,123
2005,Missouri,Male,346
2005,Montana,Male,17
2005,Nebraska,Male,10
2005,Nevada,Male,173
2005,New Hampshire,Male,11
2005,New Jersey,Male,360
2005,New Mexico,Male,105
2005,New York,Male,694
2005,North Carolina,Male,456
2005,North Dakota,Male,5
2005,Ohio,Male,421
2005,Oklahoma,Male,150
2005,Oregon,Male,61
2005,Pennsylvania,Male,628
2005,Rhodes Island,Male,26
2005,South Carolina,Male,246
2005,South Dakota,Male,9
2005,Tennessee,Male,357
2005,Texas,Male,1146
2005,Utah,Male,38
2005,Vermont,Male,8
2005,Virginia,Male,360
2005,Washington,Male,164
2005,West Virginia,Male,49
2005,Wisconsin,Male,171
2005,Wyoming,Male,15
2006,Alabama,Male,281
2006,Alaska,Male,35
2006,Arizona,Male,418
2006,Arkansas,Male,159
2006,California,Male,2232
2006,Colorado,Male,126
2006,Connecticut,Male,85
2006,Delaware,Male,36
2006,District of Columbia,Male,150
2006,Florida,Male,916
2006,Georgia,Male,471
2006,Hawaii,Male,13
2006,Idaho,Male,19
2006,Illinois,Male,445
2006,Indiana,Male,264
2006,Iowa,Male,25
2006,Kansas,Male,91
2006,Kentucky,Male,119
2006,Louisiana,Male,434
2006,Maine,Male,14
2006,Maryland,Male,493
2006,Massachusetts,Male,151
2006,Michigan,Male,583
2006,Minnesota,Male,91
2006,Mississippi,Male,143
2006,Missouri,Male,277
2006,Montana,Male,14
2006,Nebraska,Male,10
2006,Nevada,Male,181
2006,New Hampshire,Male,9
2006,New Jersey,Male,363
2006,New Mexico,Male,91
2006,New York,Male,752
2006,North Carolina,Male,422
2006,North Dakota,Male,4
2006,Ohio,Male,402
2006,Oklahoma,Male,163
2006,Oregon,Male,77
2006,Pennsylvania,Male,648
2006,Rhodes Island,Male,20
2006,South Carolina,Male,270
2006,South Dakota,Male,5
2006,Tennessee,Male,354
2006,Texas,Male,1115
2006,Utah,Male,31
2006,Vermont,Male,8
2006,Virginia,Male,309
2006,Washington,Male,158
2006,West Virginia,Male,50
2006,Wisconsin,Male,121
2006,Wyoming,Male,7
2007,Alabama,Male,309
2007,Alaska,Male,38
2007,Arizona,Male,406
2007,Arkansas,Male,146
2007,California,Male,2016
2007,Colorado,Male,105
2007,Connecticut,Male,80
2007,Delaware,Male,30
2007,District of Columbia,Male,156
2007,Florida,Male,1046
2007,Georgia,Male,548
2007,Hawaii,Male,15
2007,Idaho,Male,37
2007,Illinois,Male,427
2007,Indiana,Male,252
2007,Iowa,Male,32
2007,Kansas,Male,83
2007,Kentucky,Male,158
2007,Louisiana,Male,507
2007,Maine,Male,15
2007,Maryland,Male,497
2007,Massachusetts,Male,133
2007,Michigan,Male,529
2007,Minnesota,Male,79
2007,Mississippi,Male,125
2007,Missouri,Male,319
2007,Montana,Male,11
2007,Nebraska,Male,14
2007,Nevada,Male,163
2007,New Hampshire,Male,7
2007,New Jersey,Male,320
2007,New Mexico,Male,122
2007,New York,Male,643
2007,North Carolina,Male,435
2007,North Dakota,Male,6
2007,Ohio,Male,390
2007,Oklahoma,Male,176
2007,Oregon,Male,56
2007,Pennsylvania,Male,652
2007,Rhodes Island,Male,14
2007,South Carolina,Male,284
2007,South Dakota,Male,6
2007,Tennessee,Male,359
2007,Texas,Male,1197
2007,Utah,Male,47
2007,Vermont,Male,9
2007,Virginia,Male,325
2007,Washington,Male,135
2007,West Virginia,Male,42
2007,Wisconsin,Male,140
2007,Wyoming,Male,11
2008,Alabama,Male,269
2008,Alaska,Male,23
2008,Arizona,Male,324
2008,Arkansas,Male,126
2008,California,Male,1765
2008,Colorado,Male,104
2008,Connecticut,Male,112
2008,Delaware,Male,47
2008,Florida,Male,1022
2008,Georgia,Male,485
2008,Hawaii,Male,17
2008,Idaho,Male,17
2008,Illinois,Male,464
2008,Indiana,Male,239
2008,Iowa,Male,48
2008,Kansas,Male,74
2008,Kentucky,Male,129
2008,Louisiana,Male,318
2008,Maine,Male,21
2008,Maryland,Male,404
2008,Massachusetts,Male,138
2008,Michigan,Male,445
2008,Minnesota,Male,77
2008,Mississippi,Male,148
2008,Missouri,Male,359
2008,Montana,Male,13
2008,Nebraska,Male,10
2008,Nevada,Male,110
2008,New Hampshire,Male,10
2008,New Jersey,Male,292
2008,New Mexico,Male,108
2008,New York,Male,674
2008,North Carolina,Male,418
2008,North Dakota,Male,2
2008,Ohio,Male,371
2008,Oklahoma,Male,162
2008,Oregon,Male,65
2008,Pennsylvania,Male,561
2008,Rhodes Island,Male,25
2008,South Carolina,Male,236
2008,South Dakota,Male,14
2008,Tennessee,Male,318
2008,Texas,Male,1032
2008,Utah,Male,23
2008,Vermont,Male,7
2008,Virginia,Male,266
2008,Washington,Male,143
2008,West Virginia,Male,38
2008,Wisconsin,Male,96
2008,Wyoming,Male,7
2009,Alabama,Male,235
2009,Alaska,Male,24
2009,Arizona,Male,268
2009,Arkansas,Male,135
2009,California,Male,1771
2009,Colorado,Male,120
2009,Connecticut,Male,81
2009,Delaware,Male,35
2009,District of Columbia,Male,144
2009,Florida,Male,875
2009,Georgia,Male,437
2009,Hawaii,Male,12
2009,Idaho,Male,16
2009,Illinois,Male,440
2009,Indiana,Male,239
2009,Iowa,Male,29
2009,Kansas,Male,88
2009,Kentucky,Male,134
2009,Louisiana,Male,431
2009,Maine,Male,16
2009,Maryland,Male,397
2009,Massachusetts,Male,123
2009,Michigan,Male,509
2009,Minnesota,Male,67
2009,Mississippi,Male,127
2009,Missouri,Male,321
2009,Montana,Male,19
2009,Nebraska,Male,34
2009,Nevada,Male,135
2009,New Hampshire,Male,5
2009,New Jersey,Male,263
2009,New Mexico,Male,112
2009,New York,Male,610
2009,North Carolina,Male,375
2009,North Dakota,Male,4
2009,Ohio,Male,406
2009,Oklahoma,Male,193
2009,Oregon,Male,63
2009,Pennsylvania,Male,570
2009,Rhodes Island,Male,23
2009,South Carolina,Male,244
2009,South Dakota,Male,10
2009,Tennessee,Male,378
2009,Texas,Male,1131
2009,Utah,Male,25
2009,Vermont,Male,5
2009,Virginia,Male,297
2009,Washington,Male,141
2009,West Virginia,Male,57
2009,Wisconsin,Male,103
2009,Wyoming,Male,11
2010,Alabama,Male,141
2010,Alaska,Male,34
2010,Arizona,Male,318
2010,Arkansas,Male,100
2010,California,Male,1577
2010,Colorado,Male,109
2010,Connecticut,Male,106
2010,Delaware,Male,47
2010,District of Columbia,Male,121
2010,Florida,Male,855
2010,Georgia,Male,442
2010,Hawaii,Male,13
2010,Idaho,Male,10
2010,Illinois,Male,418
2010,Indiana,Male,226
2010,Iowa,Male,19
2010,Kansas,Male,79
2010,Kentucky,Male,131
2010,Louisiana,Male,414
2010,Maine,Male,19
2010,Maryland,Male,372
2010,Massachusetts,Male,172
2010,Michigan,Male,490
2010,Minnesota,Male,82
2010,Mississippi,Male,131
2010,Missouri,Male,361
2010,Montana,Male,14
2010,Nebraska,Male,42
2010,Nevada,Male,121
2010,New Hampshire,Male,6
2010,New Jersey,Male,327
2010,New Mexico,Male,106
2010,New York,Male,695
2010,North Carolina,Male,349
2010,North Dakota,Male,6
2010,Ohio,Male,379
2010,Oklahoma,Male,165
2010,Oregon,Male,54
2010,Pennsylvania,Male,559
2010,Rhodes Island,Male,21
2010,South Carolina,Male,211
2010,South Dakota,Male,16
2010,Tennessee,Male,297
2010,Texas,Male,1023
2010,Utah,Male,31
2010,Vermont,Male,3
2010,Virginia,Male,274
2010,Washington,Male,129
2010,West Virginia,Male,41
2010,Wisconsin,Male,130
2010,Wyoming,Male,4
2011,Alaska,Male,27
2011,Arizona,Male,293
2011,Arkansas,Male,123
2011,California,Male,1582
2011,Colorado,Male,117
2011,Connecticut,Male,105
2011,Delaware,Male,39
2011,District of Columbia,Male,104
2011,Florida,Male,864
2011,Georgia,Male,438
2011,Hawaii,Male,18
2011,Idaho,Male,14
2011,Illinois,Male,437
2011,Indiana,Male,231
2011,Iowa,Male,29
2011,Kansas,Male,85
2011,Kentucky,Male,117
2011,Louisiana,Male,423
2011,Maine,Male,23
2011,Maryland,Male,359
2011,Massachusetts,Male,147
2011,Michigan,Male,542
2011,Minnesota,Male,55
2011,Mississippi,Male,157
2011,Missouri,Male,322
2011,Montana,Male,13
2011,Nebraska,Male,50
2011,Nevada,Male,122
2011,New Hampshire,Male,12
2011,New Jersey,Male,330
2011,New Mexico,Male,105
2011,New York,Male,596
2011,North Carolina,Male,371
2011,North Dakota,Male,10
2011,Ohio,Male,398
2011,Oklahoma,Male,165
2011,Oregon,Male,64
2011,Pennsylvania,Male,568
2011,Rhodes Island,Male,14
2011,South Carolina,Male,230
2011,South Dakota,Male,14
2011,Tennessee,Male,327
2011,Texas,Male,924
2011,Utah,Male,32
2011,Vermont,Male,6
2011,Virginia,Male,232
2011,Washington,Male,120
2011,West Virginia,Male,56
2011,Wisconsin,Male,112
2011,Wyoming,Male,16
2012,Alabama,Male,2
2012,Alaska,Male,29
2012,Arizona,Male,269
2012,Arkansas,Male,133
2012,California,Male,1689
2012,Colorado,Male,120
2012,Connecticut,Male,108
2012,Delaware,Male,48
2012,Florida,Male,916
2012,Georgia,Male,439
2012,Hawaii,Male,19
2012,Idaho,Male,17
2012,Illinois,Male,478
2012,Indiana,Male,234
2012,Iowa,Male,36
2012,Kansas,Male,62
2012,Kentucky,Male,153
2012,Louisiana,Male,427
2012,Maine,Male,22
2012,Maryland,Male,338
2012,Massachusetts,Male,92
2012,Michigan,Male,602
2012,Minnesota,Male,86
2012,Mississippi,Male,137
2012,Missouri,Male,317
2012,Montana,Male,13
2012,Nebraska,Male,46
2012,Nevada,Male,95
2012,New Hampshire,Male,10
2012,New Jersey,Male,328
2012,New Mexico,Male,88
2012,New York,Male,561
2012,North Carolina,Male,390
2012,North Dakota,Male,9
2012,Ohio,Male,347
2012,Oklahoma,Male,171
2012,Oregon,Male,64
2012,Pennsylvania,Male,630
2012,Rhodes Island,Male,29
2012,South Carolina,Male,266
2012,South Dakota,Male,8
2012,Tennessee,Male,341
2012,Texas,Male,980
2012,Utah,Male,33
2012,Vermont,Male,6
2012,Virginia,Male,262
2012,Washington,Male,146
2012,West Virginia,Male,49
2012,Wisconsin,Male,139
2012,Wyoming,Male,10
2013,Alaska,Male,30
2013,Arizona,Male,302
2013,Arkansas,Male,122
2013,California,Male,1605
2013,Colorado,Male,127
2013,Connecticut,Male,73
2013,Delaware,Male,31
2013,District of Columbia,Male,102
2013,Florida,Male,874
2013,Georgia,Male,444
2013,Hawaii,Male,17
2013,Idaho,Male,20
2013,Illinois,Male,405
2013,Indiana,Male,288
2013,Iowa,Male,31
2013,Kansas,Male,85
2013,Kentucky,Male,118
2013,Louisiana,Male,388
2013,Maine,Male,18
2013,Maryland,Male,339
2013,Massachusetts,Male,98
2013,Michigan,Male,496
2013,Minnesota,Male,92
2013,Mississippi,Male,118
2013,Missouri,Male,322
2013,Montana,Male,13
2013,Nebraska,Male,51
2013,Nevada,Male,123
2013,New Hampshire,Male,16
2013,New Jersey,Male,347
2013,New Mexico,Male,90
2013,New York,Male,501
2013,North Carolina,Male,369
2013,North Dakota,Male,7
2013,Ohio,Male,374
2013,Oklahoma,Male,159
2013,Oregon,Male,61
2013,Pennsylvania,Male,532
2013,Rhodes Island,Male,20
2013,South Carolina,Male,221
2013,South Dakota,Male,9
2013,Tennessee,Male,283
2013,Texas,Male,969
2013,Utah,Male,35
2013,Vermont,Male,6
2013,Virginia,Male,257
2013,Washington,Male,154
2013,West Virginia,Male,43
2013,Wisconsin,Male,136
2013,Wyoming,Male,12
2014,Alaska,Male,30
2014,Arizona,Male,239
2014,Arkansas,Male,121
2014,California,Male,1545
2014,Colorado,Male,120
2014,Connecticut,Male,68
2014,Delaware,Male,45
2014,District of Columbia,Male,97
2014,Florida,Male,894
2014,Georgia,Male,466
2014,Hawaii,Male,12
2014,Idaho,Male,21
2014,Illinois,Male,406
2014,Indiana,Male,274
2014,Iowa,Male,42
2014,Kansas,Male,64
2014,Kentucky,Male,126
2014,Louisiana,Male,356
2014,Maine,Male,20
2014,Maryland,Male,278
2014,Massachusetts,Male,108
2014,Michigan,Male,447
2014,Minnesota,Male,75
2014,Mississippi,Male,142
2014,Missouri,Male,355
2014,Montana,Male,21
2014,Nebraska,Male,42
2014,Nevada,Male,142
2014,New Hampshire,Male,8
2014,New Jersey,Male,289
2014,New Mexico,Male,96
2014,New York,Male,513
2014,North Carolina,Male,385
2014,North Dakota,Male,14
2014,Ohio,Male,363
2014,Oklahoma,Male,134
2014,Oregon,Male,50
2014,Pennsylvania,Male,514
2014,Rhodes Island,Male,23
2014,South Carolina,Male,258
2014,South Dakota,Male,11
2014,Tennessee,Male,339
2014,Texas,Male,996
2014,Utah,Male,39
2014,Vermont,Male,8
2014,Virginia,Male,257
2014,Washington,Male,147
2014,West Virginia,Male,51
2014,Wisconsin,Male,127
2014,Wyoming,Male,9
1980,Arizona,Unknown,1
1980,California,Unknown,2
1980,Florida,Unknown,6
1980,Indiana,Unknown,1
1980,Kansas,Unknown,1
1980,Kentucky,Unknown,1
1980,New Jersey,Unknown,1
1980,New York,Unknown,2
1980,Virginia,Unknown,1
1980,Washington,Unknown,1
1980,West Virginia,Unknown,2
1981,Florida,Unknown,10
1981,Georgia,Unknown,2
1981,Louisiana,Unknown,1
1981,New Jersey,Unknown,2
1981,Texas,Unknown,2
1982,California,Unknown,1
1982,Florida,Unknown,3
1982,Georgia,Unknown,3
1982,Indiana,Unknown,1
1982,Kentucky,Unknown,1
1982,Missouri,Unknown,1
1982,New Jersey,Unknown,1
1982,Ohio,Unknown,1
1982,Pennsylvania,Unknown,1
1982,Texas,Unknown,2
1983,Florida,Unknown,13
1983,Louisiana,Unknown,1
1983,Maryland,Unknown,1
1983,New York,Unknown,2
1983,Texas,Unknown,2
1984,Arizona,Unknown,1
1984,District of Columbia,Unknown,1
1984,Florida,Unknown,18
1984,Indiana,Unknown,1
1984,Louisiana,Unknown,1
1984,New Jersey,Unknown,1
1984,New York,Unknown,7
1984,North Carolina,Unknown,1
1984,Ohio,Unknown,1
1984,Texas,Unknown,3
1984,Washington,Unknown,2
1985,Arizona,Unknown,1
1985,Florida,Unknown,5
1985,Georgia,Unknown,3
1985,New York,Unknown,4
1985,North Carolina,Unknown,1
1985,Tennessee,Unknown,1
1985,Texas,Unknown,5
1985,Utah,Unknown,1
1986,Arizona,Unknown,3
1986,Arkansas,Unknown,1
1986,Connecticut,Unknown,2
1986,Florida,Unknown,13
1986,Louisiana,Unknown,2
1986,Minnesota,Unknown,1
1986,New Mexico,Unknown,1
1986,New York,Unknown,2
1986,Texas,Unknown,3
1986,Washington,Unknown,1
1987,Arizona,Unknown,1
1987,California,Unknown,1
1987,Florida,Unknown,3
1987,Mississippi,Unknown,1
1987,Nevada,Unknown,1
1987,New Mexico,Unknown,2
1987,New York,Unknown,6
1987,South Carolina,Unknown,1
1987,Tennessee,Unknown,1
1987,Texas,Unknown,2
1987,Virginia,Unknown,1
1988,Arizona,Unknown,1
1988,Colorado,Unknown,1
1988,District of Columbia,Unknown,1
1988,Idaho,Unknown,1
1988,Illinois,Unknown,1
1988,Indiana,Unknown,1
1988,Minnesota,Unknown,1
1988,Mississippi,Unknown,1
1988,Missouri,Unknown,1
1988,Nevada,Unknown,1
1988,New Jersey,Unknown,1
1988,New York,Unknown,3
1988,South Carolina,Unknown,1
1988,Texas,Unknown,7
1988,Washington,Unknown,1
1988,Wisconsin,Unknown,1
1989,California,Unknown,2
1989,Colorado,Unknown,1
1989,Kentucky,Unknown,1
1989,Minnesota,Unknown,1
1989,New York,Unknown,1
1989,Pennsylvania,Unknown,1
1990,California,Unknown,2
1990,Georgia,Unknown,2
1990,Kentucky,Unknown,2
1990,New Jersey,Unknown,1
1990,New Mexico,Unknown,1
1990,New York,Unknown,7
1990,Texas,Unknown,3
1991,Alabama,Unknown,5
1991,Alaska,Unknown,1
1991,Colorado,Unknown,1
1991,Connecticut,Unknown,1
1991,Georgia,Unknown,1
1991,Maryland,Unknown,1
1991,Missouri,Unknown,1
1991,New York,Unknown,5
1991,North Carolina,Unknown,1
1991,Texas,Unknown,10
1991,Virginia,Unknown,2
1991,Washington,Unknown,2
1992,Alabama,Unknown,4
1992,California,Unknown,1
1992,Colorado,Unknown,1
1992,Connecticut,Unknown,1
1992,Florida,Unknown,1
1992,Kansas,Unknown,2
1992,Kentucky,Unknown,2
1992,Louisiana,Unknown,1
1992,Missouri,Unknown,1
1992,New York,Unknown,11
1992,Pennsylvania,Unknown,1
1992,Texas,Unknown,4
1993,Alabama,Unknown,4
1993,California,Unknown,2
1993,Connecticut,Unknown,1
1993,Florida,Unknown,4
1993,Georgia,Unknown,1
1993,Illinois,Unknown,1
1993,Louisiana,Unknown,7
1993,Massachusetts,Unknown,1
1993,Mississippi,Unknown,1
1993,Nevada,Unknown,1
1993,New York,Unknown,9
1993,Pennsylvania,Unknown,1
1993,Tennessee,Unknown,3
1993,Texas,Unknown,4
1993,Washington,Unknown,1
1994,Alabama,Unknown,3
1994,California,Unknown,7
1994,Florida,Unknown,1
1994,Illinois,Unknown,3
1994,New York,Unknown,5
1994,North Carolina,Unknown,1
1994,Tennessee,Unknown,1
1994,Texas,Unknown,2
1994,Utah,Unknown,2
1994,Virginia,Unknown,1
1994,Washington,Unknown,1
1995,Alabama,Unknown,4
1995,Arizona,Unknown,1
1995,California,Unknown,6
1995,Louisiana,Unknown,1
1995,New York,Unknown,16
1995,North Carolina,Unknown,1
1995,Pennsylvania,Unknown,1
1995,Tennessee,Unknown,2
1995,Texas,Unknown,1
1996,Alabama,Unknown,2
1996,Florida,Unknown,4
1996,Georgia,Unknown,1
1996,Idaho,Unknown,1
1996,Indiana,Unknown,1
1996,Maryland,Unknown,2
1996,Massachusetts,Unknown,2
1996,Michigan,Unknown,2
1996,Mississippi,Unknown,1
1996,Missouri,Unknown,1
1996,New Jersey,Unknown,1
1996,New York,Unknown,1
1996,North Carolina,Unknown,3
1996,Texas,Unknown,4
1997,Alabama,Unknown,12
1997,Arizona,Unknown,1
1997,California,Unknown,5
1997,Florida,Unknown,2
1997,Indiana,Unknown,1
1997,New York,Unknown,1
1997,North Carolina,Unknown,1
1997,Pennsylvania,Unknown,1
1997,Tennessee,Unknown,2
1997,Texas,Unknown,1
1998,Alabama,Unknown,41
1998,Florida,Unknown,1
1998,Michigan,Unknown,1
1998,New Jersey,Unknown,11
1998,New York,Unknown,1
1998,Ohio,Unknown,1
1998,Tennessee,Unknown,7
1998,Texas,Unknown,2
1998,Utah,Unknown,1
1998,Virginia,Unknown,1
1999,Florida,Unknown,1
1999,Georgia,Unknown,1
1999,Louisiana,Unknown,1
1999,Michigan,Unknown,2
1999,New Jersey,Unknown,1
1999,New York,Unknown,1
1999,North Carolina,Unknown,5
1999,Tennessee,Unknown,3
1999,Texas,Unknown,1
1999,Virginia,Unknown,1
2000,Alabama,Unknown,3
2000,California,Unknown,2
2000,Louisiana,Unknown,1
2000,Michigan,Unknown,3
2000,Minnesota,Unknown,1
2000,Mississippi,Unknown,1
2000,New York,Unknown,2
2000,North Carolina,Unknown,1
2000,Ohio,Unknown,2
2000,Tennessee,Unknown,9
2000,Texas,Unknown,2
2000,Virginia,Unknown,1
2000,West Virginia,Unknown,1
2001,California,Unknown,1
2001,Florida,Unknown,1
2001,Indiana,Unknown,2
2001,Michigan,Unknown,3
2001,Nevada,Unknown,1
2001,New Jersey,Unknown,1
2001,New York,Unknown,3
2001,North Carolina,Unknown,2
2001,North Dakota,Unknown,1
2001,Ohio,Unknown,2
2001,Pennsylvania,Unknown,1
2001,Tennessee,Unknown,7
2001,Texas,Unknown,3
2001,Utah,Unknown,1
2002,California,Unknown,1
2002,District of Columbia,Unknown,2
2002,Georgia,Unknown,1
2002,Indiana,Unknown,1
2002,Louisiana,Unknown,1
2002,Michigan,Unknown,2
2002,Mississippi,Unknown,1
2002,New York,Unknown,2
2002,Ohio,Unknown,2
2002,Tennessee,Unknown,5
2002,Texas,Unknown,2
2002,Utah,Unknown,1
2002,Virginia,Unknown,5
2002,Washington,Unknown,2
2003,Arkansas,Unknown,2
2003,District of Columbia,Unknown,2
2003,Florida,Unknown,3
2003,Maryland,Unknown,4
2003,Massachusetts,Unknown,1
2003,Michigan,Unknown,2
2003,Minnesota,Unknown,1
2003,Mississippi,Unknown,1
2003,Missouri,Unknown,1
2003,New York,Unknown,4
2003,North Carolina,Unknown,2
2003,Pennsylvania,Unknown,2
2003,Tennessee,Unknown,1
2003,Texas,Unknown,1
2003,Virginia,Unknown,1
2003,Washington,Unknown,2
2004,Florida,Unknown,4
2004,Indiana,Unknown,1
2004,Louisiana,Unknown,1
2004,Maryland,Unknown,1
2004,Massachusetts,Unknown,1
2004,Michigan,Unknown,6
2004,New Hampshire,Unknown,1
2004,New Jersey,Unknown,1
2004,New Mexico,Unknown,1
2004,New York,Unknown,1
2004,North Carolina,Unknown,2
2004,Ohio,Unknown,5
2004,Tennessee,Unknown,4
2004,Texas,Unknown,3
2004,Utah,Unknown,3
2004,Virginia,Unknown,2
2004,Washington,Unknown,2
2004,West Virginia,Unknown,1
2005,Arkansas,Unknown,1
2005,District of Columbia,Unknown,3
2005,Florida,Unknown,7
2005,Georgia,Unknown,1
2005,Kentucky,Unknown,1
2005,Louisiana,Unknown,1
2005,Massachusetts,Unknown,1
2005,Michigan,Unknown,1
2005,Minnesota,Unknown,1
2005,New York,Unknown,2
2005,North Carolina,Unknown,1
2005,Ohio,Unknown,8
2005,Tennessee,Unknown,2
2005,Texas,Unknown,3
2006,Arkansas,Unknown,3
2006,District of Columbia,Unknown,2
2006,Indiana,Unknown,1
2006,Louisiana,Unknown,3
2006,Maryland,Unknown,1
2006,Massachusetts,Unknown,1
2006,Michigan,Unknown,4
2006,Mississippi,Unknown,2
2006,Nevada,Unknown,2
2006,New York,Unknown,1
2006,North Carolina,Unknown,2
2006,Ohio,Unknown,9
2006,Tennessee,Unknown,2
2006,Texas,Unknown,3
2006,Virginia,Unknown,3
2006,Washington,Unknown,1
2006,West Virginia,Unknown,1
2007,Arizona,Unknown,5
2007,Arkansas,Unknown,1
2007,District of Columbia,Unknown,2
2007,Florida,Unknown,2
2007,Indiana,Unknown,1
2007,Kentucky,Unknown,1
2007,Louisiana,Unknown,1
2007,Maryland,Unknown,1
2007,Michigan,Unknown,12
2007,Missouri,Unknown,1
2007,New York,Unknown,1
2007,North Carolina,Unknown,2
2007,Ohio,Unknown,3
2007,Oklahoma,Unknown,2
2007,Texas,Unknown,2
2007,Washington,Unknown,2
2008,Arizona,Unknown,3
2008,Arkansas,Unknown,1
2008,Florida,Unknown,2
2008,Georgia,Unknown,1
2008,Idaho,Unknown,1
2008,Louisiana,Unknown,4
2008,Maryland,Unknown,1
2008,Massachusetts,Unknown,1
2008,Michigan,Unknown,13
2008,Montana,Unknown,1
2008,New York,Unknown,1
2008,North Carolina,Unknown,5
2008,Ohio,Unknown,1
2008,South Carolina,Unknown,2
2008,Texas,Unknown,3
2008,Utah,Unknown,1
2008,Virginia,Unknown,1
2008,West Virginia,Unknown,2
2009,Arizona,Unknown,2
2009,Arkansas,Unknown,1
2009,Florida,Unknown,3
2009,Illinois,Unknown,1
2009,Louisiana,Unknown,3
2009,Michigan,Unknown,3
2009,North Carolina,Unknown,1
2009,Ohio,Unknown,3
2009,Pennsylvania,Unknown,1
2009,Texas,Unknown,1
2009,Virginia,Unknown,1
2010,Alaska,Unknown,1
2010,Arizona,Unknown,3
2010,Arkansas,Unknown,3
2010,Colorado,Unknown,1
2010,Florida,Unknown,2
2010,Georgia,Unknown,1
2010,Illinois,Unknown,1
2010,Indiana,Unknown,1
2010,Kansas,Unknown,1
2010,Massachusetts,Unknown,1
2010,Michigan,Unknown,2
2010,Nevada,Unknown,1
2010,North Carolina,Unknown,1
2010,Ohio,Unknown,2
2010,Pennsylvania,Unknown,1
2010,West Virginia,Unknown,1
2011,Arizona,Unknown,2
2011,Arkansas,Unknown,3
2011,Florida,Unknown,1
2011,Georgia,Unknown,1
2011,Idaho,Unknown,1
2011,Illinois,Unknown,2
2011,Indiana,Unknown,1
2011,Kentucky,Unknown,1
2011,Louisiana,Unknown,1
2011,Michigan,Unknown,1
2011,North Carolina,Unknown,3
2011,Ohio,Unknown,3
2011,Oklahoma,Unknown,1
2011,Tennessee,Unknown,1
2011,Texas,Unknown,1
2011,West Virginia,Unknown,1
2012,Arkansas,Unknown,2
2012,Florida,Unknown,1
2012,Idaho,Unknown,1
2012,Illinois,Unknown,1
2012,Massachusetts,Unknown,1
2012,Nevada,Unknown,1
2012,New York,Unknown,2
2012,Ohio,Unknown,4
2012,Oklahoma,Unknown,1
2012,South Dakota,Unknown,1
2012,Tennessee,Unknown,2
2012,Texas,Unknown,1
2013,Arizona,Unknown,1
2013,Florida,Unknown,3
2013,Kentucky,Unknown,1
2013,Louisiana,Unknown,1
2013,Michigan,Unknown,4
2013,Missouri,Unknown,1
2013,New Jersey,Unknown,1
2013,New York,Unknown,1
2013,North Carolina,Unknown,1
2013,Ohio,Unknown,2
2013,Oklahoma,Unknown,1
2013,South Carolina,Unknown,1
2013,Texas,Unknown,4
2013,Virginia,Unknown,3
2014,Arizona,Unknown,1
2014,Arkansas,Unknown,7
2014,Florida,Unknown,4
2014,Georgia,Unknown,2
2014,Illinois,Unknown,4
2014,Indiana,Unknown,1
2014,Kansas,Unknown,1
2014,Louisiana,Unknown,1
2014,Michigan,Unknown,4
2014,Montana,Unknown,1
2014,North Carolina,Unknown,1
2014,Ohio,Unknown,3
2014,Oklahoma,Unknown,2
2014,Pennsylvania,Unknown,1
2014,Virginia,Unknown,1
2014,Washington,Unknown,2
